-- MySQL Workbench Forward Engineering

SET @OLD_UNIQUE_CHECKS=@@UNIQUE_CHECKS, UNIQUE_CHECKS=0;
SET @OLD_FOREIGN_KEY_CHECKS=@@FOREIGN_KEY_CHECKS, FOREIGN_KEY_CHECKS=0;
SET @OLD_SQL_MODE=@@SQL_MODE, SQL_MODE='ONLY_FULL_GROUP_BY,STRICT_TRANS_TABLES,NO_ZERO_IN_DATE,NO_ZERO_DATE,ERROR_FOR_DIVISION_BY_ZERO,NO_ENGINE_SUBSTITUTION';

-- -----------------------------------------------------
-- Schema photographerforme
-- -----------------------------------------------------
DROP SCHEMA IF EXISTS `photographerforme` ;

-- -----------------------------------------------------
-- Schema photographerforme
-- -----------------------------------------------------
CREATE SCHEMA IF NOT EXISTS `photographerforme` DEFAULT CHARACTER SET utf8 ;
USE `photographerforme` ;

-- -----------------------------------------------------
-- Table `country`
-- -----------------------------------------------------
DROP TABLE IF EXISTS `country` ;

CREATE TABLE IF NOT EXISTS `country` (
  `id` CHAR(2) NOT NULL,
  `name` VARCHAR(45) NOT NULL,
  PRIMARY KEY (`id`),
  UNIQUE INDEX `id_UNIQUE` (`id` ASC))
ENGINE = InnoDB;


-- -----------------------------------------------------
-- Table `address`
-- -----------------------------------------------------
DROP TABLE IF EXISTS `address` ;

CREATE TABLE IF NOT EXISTS `address` (
  `id` INT NOT NULL AUTO_INCREMENT,
  `street` VARCHAR(60) NOT NULL,
  `street2` VARCHAR(60) NULL,
  `city` VARCHAR(45) NOT NULL,
  `state_province` VARCHAR(45) NOT NULL,
  `postal_code` INT NOT NULL,
  `phone` VARCHAR(14) NULL,
  `country_id` CHAR(2) NOT NULL,
  PRIMARY KEY (`id`),
  INDEX `fk_address_country_idx` (`country_id` ASC),
  CONSTRAINT `fk_address_country`
    FOREIGN KEY (`country_id`)
    REFERENCES `country` (`id`)
    ON DELETE NO ACTION
    ON UPDATE NO ACTION)
ENGINE = InnoDB;


-- -----------------------------------------------------
-- Table `user`
-- -----------------------------------------------------
DROP TABLE IF EXISTS `user` ;

CREATE TABLE IF NOT EXISTS `user` (
  `id` INT NOT NULL AUTO_INCREMENT,
  `username` VARCHAR(45) NOT NULL,
  `password` VARCHAR(45) NOT NULL,
  `enabled` TINYINT NULL,
  `role` VARCHAR(45) NULL,
  `email` VARCHAR(45) NULL,
  `join_date` DATETIME NULL,
  `first_name` VARCHAR(45) NULL,
  `last_name` VARCHAR(45) NULL,
  `address_id` INT NOT NULL,
  PRIMARY KEY (`id`),
  UNIQUE INDEX `username_UNIQUE` (`username` ASC),
  INDEX `fk_user_address1_idx` (`address_id` ASC),
  UNIQUE INDEX `email_UNIQUE` (`email` ASC),
  CONSTRAINT `fk_user_address1`
    FOREIGN KEY (`address_id`)
    REFERENCES `address` (`id`)
    ON DELETE NO ACTION
    ON UPDATE NO ACTION)
ENGINE = InnoDB;


-- -----------------------------------------------------
-- Table `photographer`
-- -----------------------------------------------------
DROP TABLE IF EXISTS `photographer` ;

CREATE TABLE IF NOT EXISTS `photographer` (
  `id` INT NOT NULL AUTO_INCREMENT,
  `active` TINYINT NULL,
  `user_id` INT NOT NULL,
  `business` VARCHAR(45) NULL,
  `description` TEXT NULL,
  `buisness_logo_url` TEXT NULL,
  PRIMARY KEY (`id`),
  INDEX `fk_photographer_user1_idx` (`user_id` ASC),
  CONSTRAINT `fk_photographer_user1`
    FOREIGN KEY (`user_id`)
    REFERENCES `user` (`id`)
    ON DELETE NO ACTION
    ON UPDATE NO ACTION)
ENGINE = InnoDB;


-- -----------------------------------------------------
-- Table `contract`
-- -----------------------------------------------------
DROP TABLE IF EXISTS `contract` ;

CREATE TABLE IF NOT EXISTS `contract` (
  `id` INT NOT NULL AUTO_INCREMENT,
  `title` VARCHAR(45) NOT NULL,
  `description` TEXT NULL,
  `location` VARCHAR(255) NOT NULL,
  `event_start` DATETIME NOT NULL,
  `event_end` DATETIME NOT NULL,
  `photos_deliver_by` DATE NOT NULL,
  `user_id` INT NOT NULL,
  `closed` TINYINT NULL,
  PRIMARY KEY (`id`),
  INDEX `fk_contract_user1_idx` (`user_id` ASC),
  CONSTRAINT `fk_contract_user1`
    FOREIGN KEY (`user_id`)
    REFERENCES `user` (`id`)
    ON DELETE NO ACTION
    ON UPDATE NO ACTION)
ENGINE = InnoDB;


-- -----------------------------------------------------
-- Table `contract_has_photographer`
-- -----------------------------------------------------
DROP TABLE IF EXISTS `contract_has_photographer` ;

CREATE TABLE IF NOT EXISTS `contract_has_photographer` (
  `contract_id` INT NOT NULL,
  `photographer_id` INT NOT NULL,
  `rating` INT NULL,
  `comment` VARCHAR(250) NULL,
  `price` DECIMAL(8,2) NULL,
  PRIMARY KEY (`contract_id`, `photographer_id`),
  INDEX `fk_contract_has_photographer_photographer1_idx` (`photographer_id` ASC),
  INDEX `fk_contract_has_photographer_contract1_idx` (`contract_id` ASC),
  CONSTRAINT `fk_contract_has_photographer_contract1`
    FOREIGN KEY (`contract_id`)
    REFERENCES `contract` (`id`)
    ON DELETE NO ACTION
    ON UPDATE NO ACTION,
  CONSTRAINT `fk_contract_has_photographer_photographer1`
    FOREIGN KEY (`photographer_id`)
    REFERENCES `photographer` (`id`)
    ON DELETE NO ACTION
    ON UPDATE NO ACTION)
ENGINE = InnoDB;


-- -----------------------------------------------------
-- Table `payment`
-- -----------------------------------------------------
DROP TABLE IF EXISTS `payment` ;

CREATE TABLE IF NOT EXISTS `payment` (
  `id` INT NOT NULL AUTO_INCREMENT,
  `contract_has_photographer_contract_id` INT NOT NULL,
  `contract_has_photographer_photographer_id` INT NOT NULL,
  `payment_date` DATETIME NULL,
  `amount` DECIMAL(8,2) NULL,
  PRIMARY KEY (`id`),
  INDEX `fk_payment_contract_has_photographer1_idx` (`contract_has_photographer_contract_id` ASC, `contract_has_photographer_photographer_id` ASC),
  CONSTRAINT `fk_payment_contract_has_photographer1`
    FOREIGN KEY (`contract_has_photographer_contract_id` , `contract_has_photographer_photographer_id`)
    REFERENCES `contract_has_photographer` (`contract_id` , `photographer_id`)
    ON DELETE NO ACTION
    ON UPDATE NO ACTION)
ENGINE = InnoDB;


-- -----------------------------------------------------
-- Table `gallery`
-- -----------------------------------------------------
DROP TABLE IF EXISTS `gallery` ;

CREATE TABLE IF NOT EXISTS `gallery` (
  `id` INT NOT NULL AUTO_INCREMENT,
  `title` VARCHAR(45) NOT NULL,
  `photographer_id` INT NOT NULL,
  `description` VARCHAR(250) NULL,
  PRIMARY KEY (`id`),
  INDEX `fk_gallery_photographer1_idx` (`photographer_id` ASC),
  CONSTRAINT `fk_gallery_photographer1`
    FOREIGN KEY (`photographer_id`)
    REFERENCES `photographer` (`id`)
    ON DELETE NO ACTION
    ON UPDATE NO ACTION)
ENGINE = InnoDB;


-- -----------------------------------------------------
-- Table `image`
-- -----------------------------------------------------
DROP TABLE IF EXISTS `image` ;

CREATE TABLE IF NOT EXISTS `image` (
  `id` INT NOT NULL AUTO_INCREMENT,
  `url_link` TEXT NULL,
  `upload_date` DATETIME NULL,
  `title` VARCHAR(100) NULL,
  PRIMARY KEY (`id`))
ENGINE = InnoDB;


-- -----------------------------------------------------
-- Table `image_has_gallery`
-- -----------------------------------------------------
DROP TABLE IF EXISTS `image_has_gallery` ;

CREATE TABLE IF NOT EXISTS `image_has_gallery` (
  `image_id` INT NOT NULL,
  `gallery_id` INT NOT NULL,
  PRIMARY KEY (`image_id`, `gallery_id`),
  INDEX `fk_image_has_gallery_gallery1_idx` (`gallery_id` ASC),
  INDEX `fk_image_has_gallery_image1_idx` (`image_id` ASC),
  CONSTRAINT `fk_image_has_gallery_image1`
    FOREIGN KEY (`image_id`)
    REFERENCES `image` (`id`)
    ON DELETE NO ACTION
    ON UPDATE NO ACTION,
  CONSTRAINT `fk_image_has_gallery_gallery1`
    FOREIGN KEY (`gallery_id`)
    REFERENCES `gallery` (`id`)
    ON DELETE NO ACTION
    ON UPDATE NO ACTION)
ENGINE = InnoDB;


-- -----------------------------------------------------
-- Table `photo_shoot_type`
-- -----------------------------------------------------
DROP TABLE IF EXISTS `photo_shoot_type` ;

CREATE TABLE IF NOT EXISTS `photo_shoot_type` (
  `id` INT NOT NULL,
  `name` VARCHAR(60) NULL,
  PRIMARY KEY (`id`))
ENGINE = InnoDB;


-- -----------------------------------------------------
-- Table `photo_shoot_style_has_photographer`
-- -----------------------------------------------------
DROP TABLE IF EXISTS `photo_shoot_style_has_photographer` ;

CREATE TABLE IF NOT EXISTS `photo_shoot_style_has_photographer` (
  `photo_shoot_type_id` INT NOT NULL,
  `photographer_id` INT NOT NULL,
  PRIMARY KEY (`photo_shoot_type_id`, `photographer_id`),
  INDEX `fk_photo_shoot_style_has_photographer_photographer1_idx` (`photographer_id` ASC),
  INDEX `fk_photo_shoot_style_has_photographer_photo_shoot_style1_idx` (`photo_shoot_type_id` ASC),
  CONSTRAINT `fk_photo_shoot_style_has_photographer_photo_shoot_style1`
    FOREIGN KEY (`photo_shoot_type_id`)
    REFERENCES `photo_shoot_type` (`id`)
    ON DELETE NO ACTION
    ON UPDATE NO ACTION,
  CONSTRAINT `fk_photo_shoot_style_has_photographer_photographer1`
    FOREIGN KEY (`photographer_id`)
    REFERENCES `photographer` (`id`)
    ON DELETE NO ACTION
    ON UPDATE NO ACTION)
ENGINE = InnoDB;


-- -----------------------------------------------------
-- Table `contract_message`
-- -----------------------------------------------------
DROP TABLE IF EXISTS `contract_message` ;

CREATE TABLE IF NOT EXISTS `contract_message` (
  `id` INT NOT NULL AUTO_INCREMENT,
  `message` TEXT NULL,
  `user_id` INT NOT NULL,
  `contract_id` INT NOT NULL,
  `message_date` DATETIME NULL,
  `in_reply_to` INT NULL,
  PRIMARY KEY (`id`),
  INDEX `fk_contract_message_user1_idx` (`user_id` ASC),
  INDEX `fk_contract_message_contract1_idx` (`contract_id` ASC),
  INDEX `fk_contract_message_contract_message1_idx` (`in_reply_to` ASC),
  CONSTRAINT `fk_contract_message_user1`
    FOREIGN KEY (`user_id`)
    REFERENCES `user` (`id`)
    ON DELETE NO ACTION
    ON UPDATE NO ACTION,
  CONSTRAINT `fk_contract_message_contract1`
    FOREIGN KEY (`contract_id`)
    REFERENCES `contract` (`id`)
    ON DELETE NO ACTION
    ON UPDATE NO ACTION,
  CONSTRAINT `fk_contract_message_contract_message1`
    FOREIGN KEY (`in_reply_to`)
    REFERENCES `contract_message` (`id`)
    ON DELETE NO ACTION
    ON UPDATE NO ACTION)
ENGINE = InnoDB;

SET SQL_MODE = '';
DROP USER IF EXISTS dbamanager@localhost;
SET SQL_MODE='ONLY_FULL_GROUP_BY,STRICT_TRANS_TABLES,NO_ZERO_IN_DATE,NO_ZERO_DATE,ERROR_FOR_DIVISION_BY_ZERO,NO_ENGINE_SUBSTITUTION';
CREATE USER 'dbamanager'@'localhost' IDENTIFIED BY 'dbamanager';

GRANT ALL ON * TO 'dbamanager'@'localhost';
SET SQL_MODE = '';
DROP USER IF EXISTS customer@localhost;
SET SQL_MODE='ONLY_FULL_GROUP_BY,STRICT_TRANS_TABLES,NO_ZERO_IN_DATE,NO_ZERO_DATE,ERROR_FOR_DIVISION_BY_ZERO,NO_ENGINE_SUBSTITUTION';
CREATE USER 'customer'@'localhost' IDENTIFIED BY 'customer';

GRANT SELECT, INSERT, TRIGGER, UPDATE, DELETE ON TABLE * TO 'customer'@'localhost';

SET SQL_MODE=@OLD_SQL_MODE;
SET FOREIGN_KEY_CHECKS=@OLD_FOREIGN_KEY_CHECKS;
SET UNIQUE_CHECKS=@OLD_UNIQUE_CHECKS;

-- -----------------------------------------------------
-- Data for table `country`
-- -----------------------------------------------------
START TRANSACTION;
USE `photographerforme`;
INSERT INTO `country` (`id`, `name`) VALUES ('US', 'United States');

COMMIT;


-- -----------------------------------------------------
-- Data for table `address`
-- -----------------------------------------------------
START TRANSACTION;
USE `photographerforme`;
INSERT INTO `address` (`id`, `street`, `street2`, `city`, `state_province`, `postal_code`, `phone`, `country_id`) VALUES (1, '10435 walle dr', NULL, 'Denver', 'CO', 53291, '1234567893', 'US');
INSERT INTO `address` (`id`, `street`, `street2`, `city`, `state_province`, `postal_code`, `phone`, `country_id`) VALUES (2, '432 wallabee way', NULL, 'Denver', 'CO', 53211, '9876543214', 'US');
INSERT INTO `address` (`id`, `street`, `street2`, `city`, `state_province`, `postal_code`, `phone`, `country_id`) VALUES (3, '605 kilwinning lane', NULL, 'Colorado Springs', 'CO', 54231, '3211654785', 'US');
INSERT INTO `address` (`id`, `street`, `street2`, `city`, `state_province`, `postal_code`, `phone`, `country_id`) VALUES (4, '3241 river dr', NULL, 'Colorado Springs', 'CO', 56213, '1234532156', 'US');
INSERT INTO `address` (`id`, `street`, `street2`, `city`, `state_province`, `postal_code`, `phone`, `country_id`) VALUES (5, '1093 daisy st', NULL, 'Boulder', 'CO', 57832, '9832017327', 'US');
INSERT INTO `address` (`id`, `street`, `street2`, `city`, `state_province`, `postal_code`, `phone`, `country_id`) VALUES (6, '12830 chicken ln', NULL, 'Denver', 'CO', 54324, '4345908203', 'US');
INSERT INTO `address` (`id`, `street`, `street2`, `city`, `state_province`, `postal_code`, `phone`, `country_id`) VALUES (7, '1245 turtle dr', NULL, 'Boulder', 'CO', 34124, '8294758295', 'US');
INSERT INTO `address` (`id`, `street`, `street2`, `city`, `state_province`, `postal_code`, `phone`, `country_id`) VALUES (8, '97024 fox ln', NULL, 'Denver', 'CO', 34151, '9347827482', 'US');
INSERT INTO `address` (`id`, `street`, `street2`, `city`, `state_province`, `postal_code`, `phone`, `country_id`) VALUES (9, '89125 sheep cir', NULL, 'Boulder', 'CO', 42161, '7862591812', 'US');
INSERT INTO `address` (`id`, `street`, `street2`, `city`, `state_province`, `postal_code`, `phone`, `country_id`) VALUES (10, '859 wreckitralph dr', NULL, 'Colorado Springs', 'CO', 42351, '7032894053', 'US');
INSERT INTO `address` (`id`, `street`, `street2`, `city`, `state_province`, `postal_code`, `phone`, `country_id`) VALUES (11, '869 fixitfelix cir', NULL, 'Colorado Springs', 'CO', 85392, '8932104785', 'US');
INSERT INTO `address` (`id`, `street`, `street2`, `city`, `state_province`, `postal_code`, `phone`, `country_id`) VALUES (12, '82050 wine dr', NULL, 'Denver', 'CO', 43526, '5439280184', 'US');
INSERT INTO `address` (`id`, `street`, `street2`, `city`, `state_province`, `postal_code`, `phone`, `country_id`) VALUES (13, '314 windago st', NULL, 'Boulder', 'CO', 45231, '8930192835', 'US');
INSERT INTO `address` (`id`, `street`, `street2`, `city`, `state_province`, `postal_code`, `phone`, `country_id`) VALUES (14, '134 sidewinder cir', NULL, 'Denver', 'CO', 45265, '5820360203', 'US');
INSERT INTO `address` (`id`, `street`, `street2`, `city`, `state_province`, `postal_code`, `phone`, `country_id`) VALUES (15, '3215 rose dr', NULL, 'Denver', 'CO', 65234, '7968349245', 'US');
INSERT INTO `address` (`id`, `street`, `street2`, `city`, `state_province`, `postal_code`, `phone`, `country_id`) VALUES (16, '983 window ln', NULL, 'Boulder', 'CO', 52346, '4906232689', 'US');
INSERT INTO `address` (`id`, `street`, `street2`, `city`, `state_province`, `postal_code`, `phone`, `country_id`) VALUES (17, '62456 rich lane', NULL, 'Denver', 'CO', 54231, '5428692039', 'US');

COMMIT;


-- -----------------------------------------------------
-- Data for table `user`
-- -----------------------------------------------------
START TRANSACTION;
USE `photographerforme`;
INSERT INTO `user` (`id`, `username`, `password`, `enabled`, `role`, `email`, `join_date`, `first_name`, `last_name`, `address_id`) VALUES (1, 'billyjoe', 'goat', 1, 'basic', 'billydagoat@gmail.com', '2021-12-11 16:01:00', 'Billy', 'Joe', 1);
INSERT INTO `user` (`id`, `username`, `password`, `enabled`, `role`, `email`, `join_date`, `first_name`, `last_name`, `address_id`) VALUES (2, 'pete', 'Ram', 1, 'photographer', 'pete.ram@gmail.com', '2021-12-11 16:01:00', 'Pete', 'Ram', 2);
INSERT INTO `user` (`id`, `username`, `password`, `enabled`, `role`, `email`, `join_date`, `first_name`, `last_name`, `address_id`) VALUES (3, 'Jack', 'Black', 1, 'basic', 'jack.black@gmail.com', '2021-12-11 16:01:00', 'Jack', 'Black', 3);
INSERT INTO `user` (`id`, `username`, `password`, `enabled`, `role`, `email`, `join_date`, `first_name`, `last_name`, `address_id`) VALUES (4, 'smog', 'dragon', 1, 'photographer', 'smogDaDragon@gmail.com', '2021-12-11 16:01:00', 'Harry', 'Potter', 4);
INSERT INTO `user` (`id`, `username`, `password`, `enabled`, `role`, `email`, `join_date`, `first_name`, `last_name`, `address_id`) VALUES (5, 'river', 'stream', 1, 'basic', 'gandalfthegrey@gmail.com', '2021-12-11 16:01:00', 'Ian', 'McKellen', 5);
INSERT INTO `user` (`id`, `username`, `password`, `enabled`, `role`, `email`, `join_date`, `first_name`, `last_name`, `address_id`) VALUES (6, 'strider', 'ranger', 1, 'photographer', 'rangerofthenorth@gmail.com', '2021-12-11 16:01:00', 'Viggo', 'Mortensen', 6);
INSERT INTO `user` (`id`, `username`, `password`, `enabled`, `role`, `email`, `join_date`, `first_name`, `last_name`, `address_id`) VALUES (7, 'ladyofrivendale', 'queen', 1, 'basic', 'rivendalelady@gmail.com', '2021-12-11 16:01:00', 'Liv', 'Tyler', 6);
INSERT INTO `user` (`id`, `username`, `password`, `enabled`, `role`, `email`, `join_date`, `first_name`, `last_name`, `address_id`) VALUES (8, 'elrondthewise', 'lord', 1, 'photographer', 'rivendalelord@gmail.com', '2021-12-11 16:01:00', 'Hugo', 'Weaving', 7);
INSERT INTO `user` (`id`, `username`, `password`, `enabled`, `role`, `email`, `join_date`, `first_name`, `last_name`, `address_id`) VALUES (9, 'thranduil', 'king', 1, 'basic', 'mirkwoodking@gmail.com', '2021-12-11 16:01:00', 'Lee', 'Pace', 8);
INSERT INTO `user` (`id`, `username`, `password`, `enabled`, `role`, `email`, `join_date`, `first_name`, `last_name`, `address_id`) VALUES (10, 'legolas', 'prince', 1, 'photographer', 'mirkwoodprince@gmail.com', '2021-12-11 16:01:00', 'Orlando', 'Bloom', 9);
INSERT INTO `user` (`id`, `username`, `password`, `enabled`, `role`, `email`, `join_date`, `first_name`, `last_name`, `address_id`) VALUES (11, 'gimli', 'sonofgloin', 1, 'basic', 'dwarfwarrior@gmail.com', '2021-12-11 16:01:00', 'John', 'Rhys-Davies', 10);
INSERT INTO `user` (`id`, `username`, `password`, `enabled`, `role`, `email`, `join_date`, `first_name`, `last_name`, `address_id`) VALUES (12, 'frodo', 'baggins', 1, 'photographer', 'hobbitking@gmail.com', '2021-12-11 16:01:00', 'Elijah', 'Woods', 11);
INSERT INTO `user` (`id`, `username`, `password`, `enabled`, `role`, `email`, `join_date`, `first_name`, `last_name`, `address_id`) VALUES (13, 'bilbo', 'trickster', 1, 'basic', 'myprecious@gmail.com', '2021-12-11 16:01:00', 'Martin', 'Freeman', 11);
INSERT INTO `user` (`id`, `username`, `password`, `enabled`, `role`, `email`, `join_date`, `first_name`, `last_name`, `address_id`) VALUES (14, 'gollum', 'isittasty', 1, 'photographer', 'whereismyprecious@gmail.com', '2021-12-11 16:01:00', 'Andy', 'Serkis', 12);
INSERT INTO `user` (`id`, `username`, `password`, `enabled`, `role`, `email`, `join_date`, `first_name`, `last_name`, `address_id`) VALUES (15, 'galadriel', 'ladyoflorien', 1, 'basic', 'ladyofthewoods@gmail.com', '2021-12-11 16:01:00', 'Cate', 'Blanchett', 13);
INSERT INTO `user` (`id`, `username`, `password`, `enabled`, `role`, `email`, `join_date`, `first_name`, `last_name`, `address_id`) VALUES (16, 'celeborn', 'lordoflorien', 1, 'photographer', 'lordoflorien@gmail.com', '2021-12-11 16:01:00', 'Marton', 'Csokas', 13);
INSERT INTO `user` (`id`, `username`, `password`, `enabled`, `role`, `email`, `join_date`, `first_name`, `last_name`, `address_id`) VALUES (17, 'totallyawesome', 'word', 1, 'basic', 'totallyawesome@gmail.com', '2021-12-11 16:01:00', 'Ryan', 'Major', 14);
INSERT INTO `user` (`id`, `username`, `password`, `enabled`, `role`, `email`, `join_date`, `first_name`, `last_name`, `address_id`) VALUES (18, 'wicked360', 'maine', 1, 'photographer ', 'maineiswicked@gmail.com', '2021-12-11 16:01:00', 'Jeffery', 'Smith', 15);
INSERT INTO `user` (`id`, `username`, `password`, `enabled`, `role`, `email`, `join_date`, `first_name`, `last_name`, `address_id`) VALUES (19, 'whosthere', 'winniethepooh', 1, 'basic', 'winniethepooh@gmail.com', '2021-12-11 16:01:00', 'Christopher', 'Robin', 16);
INSERT INTO `user` (`id`, `username`, `password`, `enabled`, `role`, `email`, `join_date`, `first_name`, `last_name`, `address_id`) VALUES (20, 'werewolf', 'humanindisguise', 1, 'photographer ', 'howl@gmail.com', '2021-12-11 16:01:00', 'Grim', 'Fate', 17);

COMMIT;


-- -----------------------------------------------------
-- Data for table `photographer`
-- -----------------------------------------------------
START TRANSACTION;
USE `photographerforme`;
INSERT INTO `photographer` (`id`, `active`, `user_id`, `business`, `description`, `buisness_logo_url`) VALUES (1, 1, 2, 'Picture Perfect', 'Capturing moments for a life time to see!', 'https://www.google.com/imgres?imgurl=https%3A%2F%2Fi.pinimg.com%2F600x315%2Fd3%2F7b%2Fb5%2Fd37bb505d66dbe615f0eec31e1973dd6.jpg&imgrefurl=https%3A%2F%2Fwww.pinterest.com%2Fpin%2F15692298688393483%2F&tbnid=lUC7SM25RpSkJM&vet=12ahUKEwiv0onb7dz0AhVOAc0KHQ-JCvAQMygBegUIARC0AQ..i&docid=8Wx0kEnYn51SuM&w=325&h=260&itg=1&q=picture%20perfect%20logos&ved=2ahUKEwiv0onb7dz0AhVOAc0KHQ-JCvAQMygBegUIARC0AQ');
INSERT INTO `photographer` (`id`, `active`, `user_id`, `business`, `description`, `buisness_logo_url`) VALUES (2, 1, 4, 'Archer Photography', 'Why fish when you can shoot', 'data:image/jpeg;base64,/9j/4AAQSkZJRgABAQAAAQABAAD/2wCEAAoHCBYVFRYWFhYYGBgaHBocGBocGhgaGhocGhoaGhoaGhocIS4lHB4rHxwaJjgmKy8xNTU1GiQ7QDs0Py40NTEBDAwMEA8QHhISGjQhIyE0NDQ0NDE0NDQ0NDQ0NDQ0NDQ0NDQ0NDQ0NDQ0MTQ0NDQ0NDQxNDQ0NDExNDQ0NDE0NP/AABEIARMAtwMBIgACEQEDEQH/xAAbAAACAgMBAAAAAAAAAAAAAAAEBQMGAAECB//EAD0QAAEDAwIDBgUCBAQGAwAAAAEAAhEDBCESMQVBUSJhcYGRoQaxwdHwEzJCUuHxYnKisgcUFSOCkiQz4v/EABkBAQEBAQEBAAAAAAAAAAAAAAEAAgMFBP/EACgRAQEAAgEEAQMDBQAAAAAAAAABAhExAxIhQQQyUWETcYEFIiOxwf/aAAwDAQACEQMRAD8Ae39prdue/wCiArB9MgAy2ecq8U7JjNhlV74go7lMrOnfCrzWO16CV3xSxD2ROSg/h+zlhM5RlXUCATiVXkEVNjqJAGxwtVS8O1HM7J5dWGtszsUIy37Wl2QDhOzorua7niNJAJA8iQD7KWjaPdzwnxshLBG7jPhpcfmApDR0cvBW2aWWdmZgpxZXBZU0O5/tPXuQwPanZbvGOczUN2EGUU4/Y0uL1EWtQuGFBZU2VGh+CSM9O8eqLp0y3A2WTN7Q1LUuOcqMcInOwTOjvlEOMBOzoksbXQ5w6FOWtgIdlMSXcyun1swiqNl0nuSzi79IwUU+tEZ80s4hV1Drn0VEqvFr9+l0+Ci4AKhY97DMmCCJGNkx4pY62OhC/DdAsY4SdyfBaUIa1fL9QEzkDkZM+Szhj5aYnTKINGHvOIdKksKGHBuMylGjHio0tfgSIPcAsW7FrXthztJH2WKK2uuADuld+4PkLircAuDR4oi2pzsJRoFfBabg9zZx0TTidEAAj0UbLeHyfwom5GO9TIexpufjbKKPDw187yoOD3EF047WES+5DnHnCmmVHBr2+Dp9Wx9VE5peVA+rNR28AN+biR7hEU7sE6QEVlzcWZAwcrdsIaWu5/VFXFaBJSriFQxIHopcNcHeWPeydjI+X2VpoNkKjUKp1td5H881cbB505VWvexpp81IAodeVK0oLg0sysfTClAXL2qRLfUyDhKLthB55VlvGwJiVXr+sTAjI5pgataRc8MkdraUdS4BokkhwMkiP6pDcVXDG3MHwRFjxZ7WkPeTnExt4pULuNcPawgtEAkeRQVuO3paInkjBeMe8teSWajGTGCei1c1GfqsLT+37bd6iaWXAnPYdRg42WJpwGtrnteA6d6xSIbG2LnSVZeFhrfFAW1MB0BN7ZkqrMB8SpEuBCjqshmVPxGuA4BCcVqBtMmUEv4UdTngZGpHikNSg+GiNExkknxU73kOkrTLbYGvvdjya0fMFQMZ2iea3b1C4Y5knyLiR7JpY2oOSVng8hzS2nZY5rS3CPuWAbFK3sg4yiKll/Z6GFw6hW6ycCxrurQfUSkt8wupOBHL5Kfhl1FFg5gR6EgeyTODVT0hG6Gt2HdFQgxIuHLUrirUgFSD3dZuyr1/WAlZflxcUnuax1QfArUgd1hrj27lBSpDtNd1Hf1WqtUtEt8FE0ktJHRKbZYBhdpPPA8UFc0oh5OxyPAzCywqvc8ztIEI/iNrLd8iPeUEyZxGkADTBEjO62lnCCHsaCMiQsSlrs2gCd8KajcZiELZ1Oz5LVKC5ZZiHi4JgjeVL/03UwF5nGykvmQNXMIZ965zCAlQTZuDWgN5JZeXRBMjaSmPCmg79FHxptNjHPe4NaAdROwBwT4CUzkZXXmubGGsaDuAJ8gpG3RBwYlVvg3xbQrudoYcSdLzDoB/dEwR4TE5hMLnjtuWuBa1roOkiQJ9QJ7it/pWzbhl8nHHLtsu/wBlgtDr3OUQ+1AMhV7gd097NRaWuBhwzB6OaTu0+o2KsTLkRnC5WarvjlMpuILt40Pb3EeyQ21SC3oCU9uXghV6lTn1Vi1fpq4Wdw0tGUW0pFYUThPGCAqjG7bKGuMgopQ1mIaVqq+HkFB3ds3dEcUw8YhQV3yAtgJTsgXxOEWy3a3sxO8eyGfqA1BC2F659SHTiRnv/spILuloedMdUSKTnDJ3HhlTVqYNTGMbIa5Y5roH9lIJbsewEhpgE5AxkrSY2NctBYROZWlE4s8+aNbSiCgbB4Lo6BHVa4BAQw1xEwzdD0qYDCe5a4k8loXFvLmEKjQXhVYy4zj7KnfEt++7rC2pu/dIOTENO5HMTP8A6d6bfE91/wAtT0MPbqYJJA0t5nx/r3KsfBIL7t5BGoMdonxEH86rXE/dyk789ep/tceH/A9sxgBaXPjLySHA9Wx+3ySLjnC32zgHHUx37XdeoPLUrhwqwuW1WOqVS5pbD2bt1STqZ/KI5GfFV/444TXLC8Pe5klzml0tAEFuhsS0gg5nmrHKx36vRxzx17LeA8adbPGSaZI1t7u4dRMr0OpVBALSC0gEEbEHIIXilF5cC0mcYP3Vz/4fcZJ1UH/sAc4PP7aZEEtLjgAiTk7jvTlq+XydOXC3GrsP2k9xQVsyfb5I91wx7SKYc8kGC1p0bb/qGGR4EqKna1A4tboGG9oy+CS7Aa1wzEbnmN1j2+uY7xplYAoy5vWM0te9jXOw1rnNBcejQTJPgoLbhp/jqPf3SGAd0MDSR/mJRItWMB0sa3rAAJ8SN0MSad0q4OF3VdhKn1QwyVM661NwrRlKOKvDnYSx+R5o67bnzUTGQD4rSCU6mS3x8llhZl1YbZmfISonVIqOhF21RzHtfpgAn3UnfEbL9Ko13IjdcX9PUzWwjbbnjoo+KccbUcGEZEyhLG5js6uyTz5AnMJQak2o4h8dk7d+N1ifccoOp0mBmWmOkjpEcliDsJaPM6vFaq3UPEqDh9YaEBxK4NPt9mOWqf8A2AB5HrgpkExt4OLu51NwibCpDM96rtv8cNaA17KRIH8jc9+yIs/is3rxb0mspbl9QNbqDBg6ARAcSQAeW/cWzQnmqb8YCq+6LSC4uANMNBcXNAg6QMkyDgfVSfC9pXpXbNVGq0kODwabwWNcOw50jALhAJ6L1G+4iy3jtUmMOJfLZzmXjMnHoql8T/Eht9D6Z/UFQODQ2pLGbEy9o1vBxDZbEHOYGa644zGLJfX4pNa57nsMwCCxnl/3CAfJL+NcYabd0NeWluXPAZ475Pi0EKn2/wAbaJLqLHuOSQB6FxkujvJKGuePOunQ9gYyJDAcHvdjbdE8uuMuV1OSuzugDFNjZHNwFR5G/wDENI8Q0HvT7g9Oq+5tnhz3j9RvZJc7SIOqAdhpn0Q3Dr0OcWMGhgO7exJEnBGQBEnc/JW21+LKFsxz41VHT2iZc8wD3wDPWVqRrrfF10+/fH2W/iFN5pOadTQRnMHPvH2Qfw9TFOmxskmGk6nFxyAXHo0Z8V5bcfGty9+pzgckuEwD4TtAwPuvSQDUps0P0amggxqAlrTIbMF0TE843Wb4unHD6VyY8RgrT3YSdl3ylEPuICtOOwt7TkxKGJ0DuW7i4gyh6r9QhJarVJlBmqRjdSPwu7a11u+ak64RZAuL3D/LPzUtV7S/SORz7Lvit1+iyBvsAkFhcw+TzKjXPxLahjg4Dc5xyhDW9AlmoRGQE8+JSDTnvCQMqPYwgBQNbHi7ns/Tds2PbCxV3hDyKjiTGFiiKsiQFXvi65qai1+GmNJ5EDbz7lZKZiEdVsWVWFr2hzeh+fUFVaxy7d/l5M+oBkZmR2okbZwmNW4q03tez/thwxolrYgAdkc9uskK1Vfgik4kte9o/lwQOokiUBxbhBBpMYBobhxOC3fqTiB+Si7OOvVC8Vv6rtqgc1wIc0w7YASZGDuVW2U5BaBmceeD9E84lAw2NsAenojPhXgDnB1zV7FJox1eSYGjqAfUiFaa85UsfZtawueBJ2A/O5L3kgEeACccSrh7iQIb/COg5fdKKje1+ctk6fb+j+nj45qWhUIBa0nGw6yIPn91CZMA8j84UTnZ7vwLTqnL1P0Rtxy6k1q8RZvh7hwc9hhryC6KT9QpvIxpcQd8bkEbSF6XaVdVMODXM5aHDS5hAcC0juIiRIIggkEFeefD9QCrvGWu64IjbxaSvUi4FrDyMT6/Ypvivmwy7pue4UurFrlLX4gQ3ClurWCha1CQlxAvviVPZ3BKENDKNt6GlRgh+THM7Kx2VuKTJPSSUp4ZbEu1kYG33XfGuI9nQ3c/u8OiGi2/riq+dxsEs/T0vCLYzAgc1lGNUHqoGl6wOZnuSkUpbCk4rdFox0ErdHLJ5q0iSkwCpHcViGaT+t6x6LEodQbsUeLiMIOpgCFqq4jKkZB8CUl428NZJIGqR904stLwdWw9yqh8XhwfBmNIxyaOfqi1vGe2/h7h1K5e4v8A2UwXPEkSB1PkdtgFN8Q8bFXsM7NNmGNGBAxqjljYckisOKaLapTbIe9wBPIs3OfERH+L0DL1R6fxcMZO6/wluDn39RI+nun/AMP8Mpvtqz6rZHjloaD2x07RPpGdlXTloPQkH/cPm70Vvv3f8vYU6erS+pH7YJBdD3F20DcY6+lXXqXckefVmRnly/OahYJI8UVfvk5jwGwAUFv+4LPt5HW8W6WG0eQ5jhuCR6EH5Fy9OsrrXbtdP7T6HH2HqqBwW31F3SBHjsfYq5cKf/8AHjG4JjrgfQLeU9uHxstyz7G9/W1GAoS3ClpQSZU72iNkbavJTRoEvA6lWOhwuQAlVIhrge/u+itFo/syq0wNeltJk8gMBV6y4a6rLi6CT4o74gudRaOQPqVxwK5IfpiR7qTm54SabZmY3/okV4C12M5V74o2WH3VdbbCoc4iNlSoivXlzYImQuLN7gICO43aaHNA9VzYENwd4KUVs4e91UaQJgkziNwsVp4Xw1zqheTiIA3B75WKStBsgBEXNCGyh6AhyNv3dgqQ/gdQDOgHbOOX8RJ6dFSPi8P/AF3tIkao/wAQwSHT4FWKxruEQSo/iiyfP6rHMJLA52o6p0zgd6LHTDy8zFOHEfPdSlqjrVNby8AATED15/mCpmHZUel8SzLG/gZwu11vawjDi32cJn/xLk8+NKzv1AwHssbBE5Mmc+QHmD1CWcFfpr03T/EAM8zEc+Zj1Mph8WU4rmILSGu3BOA1vtpIH/kEtdTe/wCKpFwwztt3gx49FlBh1A/3jrG8Im9ZykCB1+XjHy2ysthqeyCILtpG5JI9MDyWPbyepzV24HTimD1n3H9k44cYp1DP8TQO7Lj67eyX0BpYOQgfX+iKsX6rbvNTT7Ej2K65cPm+PlrLX3WKlTLd1JVqY/OYU1DJIXdzRkAAZWHahuG0y9+f2tMn6BWCvXaxsShbSgKTM9SSfFVy+vzUeTPZns+GP6q1s3gXfPDyiOCENeZ3xCXNwF1buLnYMJEWjib5YQOY3VXsbnS8j19VY20SWETyVOv6RZWg7E4KCZ351vZmJgeEp1Y8FYw64nGx5Kq8acWBjyMTEqx8F44w0xqPuq8I0pXjJ0g7co2hbSFt639UmIBnKxGqtqyDlMK9KWHwQDngSjf1pYtL0Fs6HaC649asFKq94l7abw0yeYIE5znqpuGO7SD+NLnTbVB10j/UIUzldTw8xtcyOpB+Y+qJaFrhLRrMzsYjqM+QRhpKet/T8b2W33UdJxaQRuCCPEZCtHHuIUq+jTqLmtyTOYIcWgmM4I81VXb+iNoM7JHQ6h3AjS730+qn3Z4S2W+v+lvFbWIcNuvcfz3Q/BaeqszuM/RM65lpB9O/n6/ZQcGpaHE9+PALOnk/M6Hb/dPa3Xr4pd+3v9lzwepDGjcCocf5I+4QtzUkBvQT9E2+HLXU5gI3L3eZcQP9oXS/S8noz/Jb9osNtWzP5lOeES8lx2GB4pWLQ/tHMqx2zBTYByAWLX1aKPie80t0N3dv3D+u3qkFkyUff0S95eee3cOQQlNugqgtG16J0iFzaWzwdUQE0pvESuDeMAgZVsSjLS7gQ5KfiGqwwTGCNPjKW3Ny7XDSYKXX1BxIJJMHmqNHfxM5jrYx3R48lXLZ+hrU5Fq+ozSdsFDcR4Y4QGgkzjvVBsbY09bW5jfKxZwuzqAFpBGxjotq2XN9w9rRpdvyKgp0C0RurA+hrbDskKS24fyOyNrav2FA6vFI/wDiSCxlJn87i7yYI+b/AGXorOHBuwXl/wDxRutd01nKnTaI73EuPzHomXbGV8KxYVhTY5waC9x0MnYbST13HnCP0AOA5bD5ID9PTTYe8E+bv/yjrh+Gu6aT7gqet8fqdvTxn424r2pHup2twP8AEI9dveD5Jk+nrYOqUa8R0JHoVPqwzuVsC1Dn09u729EYyjpY2RCheyXiNiQfXP8ARMLzDfI+o3+/klx+Z5w01QfqJ9PzzV94Ja6Ghx3Ef6QB9PdUjgLJLJ6yfIT/AE81cKty5uljdyAB9fqq3eng449u791yp241T6Lq5HJbsf8A6mHnpE+IEE+y4e0ntdPksu2/AN1EIGtZiU6NOSCgrikdfdCWaGdb423UDbUThNwezHRBxnzQgo4eAZIUrrJrkU8mFCytHJS2mt6IaFI+mMOjb64UIeSFLoIGfBBdWrMzAiNlintmnmMfNYrZQ/oQZCMpAFRtGRz3U9M4Qo2zdeG/FrTVvbhwyP1HN8mdgezfde4ExleSVaANR7v5nF3qZW8HPqUhu6B/Q2M4Ppq+62ygXNIjr9/knV/S7Bby0/Rbs7UOBj+X+iry+3HPWMn4jnh4JAnYgKCpYjW/G5n89kysaBawauX0RYotdnuI+yI+nHqWWZK5bWvbB6SPeR9VviLP6/ngn1vbtgkiPXqoLrhZeTBgEenemnrZzLkP8NUZDjznHeB9z/tKtdlalzg4jYQPUyUFwKlTaQxuSIA5mOU9OZPeSrDfvcwCIEDP3U8nKeTSwf2NPMEj5H6qVu8JD8K3DnmuXHdzXN8O0PoPVPgIIKzeWseBDIhRVKYUgHNcPqQhoFVYAUO8CMDKNqnteShOmTyJ+RTtlFRaT4KVjBOW53RFsANiI/J91MTIwAhSBnN3BAkGfL8+S4rNxI8vkiXuad8Hb0z91zqjQBzKttMDCQOQWKZz5xyWKQJr8BTsfhBUniFttaXFvL6qEqS7uAKVQg5DHkehhUOzaKzJEyQD4EiVb7+nFN5PNpHuD9wq6ynofDB2TPkIlo91vFyzI+KcKqwCx0OyN+ox7krOCXBkNqME4EnBz3j6q0u4c45knn9R+d6Cu7PS/LcHMgI27911BbeHtLDG3Rd2nC+7dNuE02lsJsykAsXKxqZ3WlZ4jY6WwBukT7V5JZkzyHTY/b1XoFzSBCUVbYk7481bp77rQLgPCv0zqIiPec/db+K65/SOj90/6f4h6JxGhnllVbirHOeHtMtGw6zv5dV0nlxyuqP+FXQ7Gz2Y8swe8QVagNlTuGv0PbiACDHMDn5RPork3AwZWbFjwie+JlD06gIMru5YT4bz06oZjYBj15oXtPcbA8sKN/7h4fMLBPPIhQ5LhkCJyfYqVT0sQJzE+o/PRF0Mt8vdLGVhMDPU/m2yJbWxA2UpXT3QOXvzMLn9UjIE4MIK4qwSJ6N9TM+iMtxyn+0wo7EAEjqVi0ZbssUSlzxy6+soilTz3oAA688imNuUVjGub4dmDmDKGZbtMYH5/dF31EuZA3S63cW77haxvgXk8t6bYiF1WtmnkEutbkgnVgZ9E1Y+RhYsdJoNQoBhwjWlRkLcqXDorgUxK4qPW6dRMW/KO+pgtI64SuhYBrY3A/aTy7z1Tl4DukqDSBgplGUJRbdvtTqHPqCnNs+Nzgb/AEWjTaTKwM0Z9fBW9jQk5257+2FFWpgD6KWi8Ds81xc4HXuU0hDcCUPUZmCPzIUpfIXD3kyeePsURkPUYJJGDB9TsVqi+CJ71Jc5bk5x7IV0wY6T4QQtRm8ub+oJneIgbxP9MeSJouJbIPh6T9UNcCQZ3cB81JTOlnjn3UYY03YyZWkNSrLEHaDr4oq2GFA6jmQpaLjMI5ZgsPj6oa7tZ7TUWacBS0cb7JjWgNO0LgJHJH2luWDdTUcKaUmQLVdChNZTXLgl5Eo0rXb3ScKUbLmhTUj1BAXkmAuGsPPPP+ylpnTJA3Ub6p6J0q7pujcrpzzPchS8x3rtkkKoSgkHVz5rVeqdP5hcFxUFR/ZhGltxb1DEFTUpMyfyUuY8gqd9VI2YV2Y8kDpkjuU9rV1sWndmfREpD1Vw9xLR3Qt0NTicTMqK5a4CFoCaJ7OB+bLSk4ZSOnIWLJ0JcYErim8T5qJr8KNrCTPREiNH1cBTMeC1AfqKW2qK4a2lL9Lu5EtON1DVZIUlEYSvYO6Y6e5R0aZlNKlMEKNgVVryHY0jkonuMo6o6AghupUQwCFBUcBIWOfAWUnA53RszHYWrXEZQzLrKNvqA0khJ2AA5W455bl0Z/qyEOXElSU6cwiHuDQpBdAhcmjP1WqlcTCKpDCzooKTg0dFIHytXVv2T1XFCrECFJMymQ7GFlVkEucpADvslfE7nXgeaVwIPEQP2rEm1aWhbTpnupnbHUmVFohL7eGhSf8ANAblDUE1RlaGCCFE6uFpz+iNKmdOr2VJTflB27jEKUvhRlHAriYUdKsCuLmpAwrR25qv1FSUaKAo1JOU0Y8Qq+BPKCtSnAQxtyySEwZusrkQiRveuFdubl5OkoYk9E9/RDnZRH/TWRsFtz1aSMuCBhQ1KrnlF3nDiHdk4XVOzIUNVxa2hdvhHNphiGNwQdLQu3sfuRKLS6fUkwt/phmUIx8HJytvuJ8FQbZUugZHJB1KQdJ911oEbqCu84AUNg2tJx0WIujVFMGWyTELaUICGrraxAS2+yNasWLRHUdlqtssWLDSBxyF1UOAtrFqAIN0Q156rFizkh9A4UF48xusWKjQBtQyMpxReSN1ixbo9uhkrVduFixZ9lzQpCNl25YsWMuW5wVX7ADslo3CxYmOOXKK63C2Vixb9JqvuFtYsQn/2Q==');
INSERT INTO `photographer` (`id`, `active`, `user_id`, `business`, `description`, `buisness_logo_url`) VALUES (3, 1, 6, 'Stine Photography', 'Capturing ', 'https://images.squarespace-cdn.com/content/v1/552c52fbe4b0f6858e7ce1c7/1550011489505-E9TW6XE1DUV9MVS945OS/black+new+CLEAR_10CM.jpg');
INSERT INTO `photographer` (`id`, `active`, `user_id`, `business`, `description`, `buisness_logo_url`) VALUES (4, 1, 8, 'Richard Photography', 'Enriching your moments', 'https://nypost.com/wp-content/uploads/sites/2/2020/10/richard-avedon.jpg?quality=80&strip=all');
INSERT INTO `photographer` (`id`, `active`, `user_id`, `business`, `description`, `buisness_logo_url`) VALUES (5, 1, 10, 'Wedding Crasher Photography', 'We eat for Free', 'data:image/jpeg;base64,/9j/4AAQSkZJRgABAQAAAQABAAD/2wCEAAoHCBYWFRgWFRUZGRgYHBoaHBwaHBwcHBwcHBoaHBwaIR4cIS4lHB4rHxgZJjgmKy8xNTU1HCQ7QDs0Py40NTEBDAwMEA8QHhISHjQrJCs2NDQ0NDQ0NDQ0NDQ0NDQ0NDQ0NDQ0NDQ0NDQ0NDQ0NDQ0NDQ0NDQ0NDQ0NDQ0NDQ0NP/AABEIALcBEwMBIgACEQEDEQH/xAAbAAACAwEBAQAAAAAAAAAAAAAEBQADBgIBB//EAEIQAAIBAgQEAwUFBgUDBAMAAAECEQADBBIhMQVBUWEGInETgZGhwTJCUrHRI2KCkuHwFHKisvEVJDMHQ1PSFiU0/8QAGAEAAwEBAAAAAAAAAAAAAAAAAAECAwT/xAAjEQACAgIDAQACAwEAAAAAAAAAAQIRITEDEkFRMmEUInET/9oADAMBAAIRAxEAPwDXBlORg+QySBIBZiIAPbWlmNsl7pgf8DmapvGcKHcZWdkdv3QDKKOw098mmaWQWLBvJlAkcv8AnSuJyzRvEtwuFVV8w0IBnvRIRRIVN9joAKrwd3OnmMrJXaCSJ0Pbn7qvRSN6SAqxKgIxJgAGsHcw4EEAhtSZ7nQxyraXLdy8lw6LaIyoSNTBkuPhpWaxNws2v3RlHYCirf6GnZRwjCk3BpNfSeHW7agLAB51i+DOFfNWg4VfdrjsV8hiK55p/wDRUjoq4VZZ4vtBbIdDDKyn1EwR8591ZDjb5kU9YrvxbinNwoSQvIdaG4gP2KVsvplVYFSCr0FVoKuWtRFiiiEFUrV60DLVFbjw4P2K1iVFbbw7PsB74ojsmeg++ulZLxFgA6O6mGXUz25VqRfmQd6zfF8O1xsuXy8yDBPaqkSgDwmSV1oTjKTeI9KfcPS2gVEYE8xzFeY/g+d1cEDr1qEmVZWbSJaJSNvN3rPimPFcG9sBSBlncfWlyUwRctbfhC/sl9BWHU1vOED9knoKFsTML4yci/AP3frSJGJ3NPfGv/8AR/CPzNIE50Vkd4O2uAV3buA0EVO9S3uKZI0UVdhl849RVdhJjvTHDYfUHmGqWy0nsY49PIPSs/fWtRxFPKPSs89uWjqQKlFbFVwUK9NcbhSrFd+hpbetkGDvVks5Vz0qV5J6V7SpCNvjEzYd0bmMm207R6aUPcssPY28zoH3J8ufTbeQAOtE8PvqbzoTORV3kRJfkecRWe8V8WVsQttTK2xlJ/eaJPoAAPjUYashujUWMLcV2LCAAcpnc6Df0HzoyxcOf2bgeZSRzB1g0J4b4qb1iG3Bjp5R9k/CtElhIRiJI5nWqjT0F2cO/s0gLmERAr5/j7TBzpEknsNdh3reY8iD5oBHLf41lLfDg5MXPKDAEE6HX3VUnmhxwAYcxzrW8AxSsmUHzDcc/XvWXGG5+bKfssVIkj8jRnD2c6oAHQztqy/eA67gx61KS2a7iL/Gf/m931qnHj9ilFeJ7BfEKoIEgakwB6mhcdcQpkziU35g+h51LaRNoWIKuUVXbQFZkacv061YlWmnoC5KuSqUq9KQw3CYdnbKok1s+EWCtoI2hrF4a4VIZTBFbjB31vIMphgNZ3mqiRJs8xCDY7jmKBxNhUXOWJUcudD4ziTWwwYFjsI/OuceHW2AHDZgTlA1H9NaHJZZJMHw5HYXFQjmD19aZh180faXrVHCcUptKJgqII71d/hs+ZjzEUot0DZlMfj3unJGx5VQME4BJWIrQWL1pAcxAdTHeoL+dwFBI5mixpmbjrW+4P8A+JPQUkx/DU8zltY26U74R/4l9BVLY27RgvGp/wC4/hH5mkVvY078aH/uT/lH5mklkTMUhhvBCrFkf721C4/Ci2+UGa4wLFbinoaO47YIuBuTCj0PAzDv5NtqLwLjN6kUBw2+NUbmKc8It+VtNA2/wpSTRalaDeK6KPSsw9zU1o+PPCqvM1m8SsaVIItxN4KE5nc11xvBoyC8raZao4snnGkSAa94vYIsIqz9nMR/frVg3sz+cdalGWuFGBNSl2RPSRo8TiVXHXlQHz21yiDqQNdYjp8adWzbdJdFLxEgAwdJWefSsZx7iz2cUwCl3yrlEH7JExpuJJrZcLxFx1VntezAGisQTMAkkDbWQKle4M0XW7tsMPJliA0CNhCiBtpRl18itlk5jAgTvsaE4thcsONG2LRM7f8AFD2MWuqO0DRh5oMjr0E8qegObeBLBmYkt5gcxGo29w6UALjsDkHkUZSebkfdWOXem14Z5VlhOkwW6ExyqWFhgiLCrr+goURg+NxiHDPKkEGADIyuBJ+U0r4c5zghoaV26jUadDt76nH8cHDhCCEBGn4583rER8aXYTEZXD/dI+mhqmawWDVXfD6Pce7cJbOZAEgDSN/dSDxDhEtoFRYE+tajAYkt9/MrDOJEEAwQPQTFZ7xY40E86nqt0ZpZM2tXLVSCrFFBZctEIaGQ0TbtsRIGlAD3w9ZR2ZH5rp/fworBgWbxXVgYAI9ecVx4VtHO2YaR+dTiiMl1UXRXYLm6SYn11qZNqmjN32ou4ta9rcVLbZfxECdTyphwvh6WWysZZ1gk9unTejF4aoZQAAqc+ZJ5zzqzHqG8o0/e51ajWWKVYSBsbkQeUCO1DLiuXKKFNpFuhWueQDRSedXcWLoC6pmQjlvSTex9cZA8dhbbDMRBHOucVeXDWVfVkaIYDaetKcRxEZCX0BOnpzrJeJvEr3/2FoMthSCqfeP+aJJE6heWnShK2NJVbNdjPE9hkyq8NuwgmffEVpvD3FLT2wFuJm/DmAb+U618NOAvRJtNHYVA7qv2GzqZBg7bHX+9qtKvQfyj6H4htB8U+fZQBRvCOG28juo1Tce6azHAMf7ZXzuc6gbySRy+H6VpcDjnVmUQZgNp/fWoeHk0X442B2sGrZ2IOgJWhcZj1dEA1K1vLHDUuWyAArMDBH6V89tYf2co8ZlYqfUGKb+iWXQLhVd30OWtTwvFMlm8h+0BmHrB/QUmTEqWjQFfnXXFSwueXZgNue9K2V1SRbh8cXylyZOg7URxLh7KvtAZXY15g+GqyjM5DRoAOdP8Jwm62HuWwykt9meXrSSbeAbSWRJxvh7ugdNlUT2pRi8U3kk6ARWtxgazZdbnlYpB5iYisVcYMgncGrEvo5wuAuMisuxEivKW2uIhQBmbSpU1EfaQbwrEo752QBz5ZzSIUkCCYmd6e4bEqL7W8+vlKqSBMkjQe6g8DwexdR1dSempgDUqQRs2sVjuKeG7tpswfOV8w1MiNvMTvRaZzttH0q3xVHlJJ3kHkRuDGgPallnDA3M7yzAZF8sKJkyep70h4DcuuoDMpY6lDmVxr1XatjwjhGUZvaOfNmysVIGoJExtpFSncseD8LEwrMAFmQRM9J1FF38ImRyxIAWd49017ieJolxVJh3BhRqTG5jkNtfSs5xvHszMG0RdQvXua20OMbEXEGRFfIuVT9lR8B+tJs99EVUYAuYJO6DqBy501x1zIM7gZjtP3Adv4jWcxPEyxiAB1k1Cvw2XWqZvvD2INgBJLqY31ae07DtVPjHBolxbmfRlEoDpm6gbwelW8HRbdj2pcOQgIMggacvfpWau5r7ksSfX4fr8KJukJJN4KL3EQpyoijq32m5bA6U8wTAqM5QkxBCBZ9dAQfjQNjhHlDDr2kct6IZAkBoIJ17d+39Kys0caGg4YHVmRfMkyusmBMR1jak2Hxl1ySkBV2rW8EvAaDzD1EgjfXmu3pPMUo4rw0JeOVsqNLgdCTqD2maNrIo7o74TxwqTnJBn49q0eODX1TKQAHView1rCHC3Sz5crBQdZ5DpWh8MYgvZAYmCIJpW1jwJRWzQ4TjQvXTbCsUXdhtI71x4gJW2XRoIPxG36Vnn44lhDZskQSSWEE9zMxV+P41bvWDbBDMR8D61r3TVNmCg7uhCmPyks09ZOsnpRTeI8Sw0ICj7oFI3VndEIIAkmnGBsglld4lTlgGARtNZbZ1uvQXxFiUbCNcJhyQigfiOh/0yaH4Bw5EthiAXfUnp0HpXXiPh7phC7AEZlMgzrmBB+Ej31fgXKoqkSQBOsDbaTVxTqiFXYZew0oC9bXnTDDXVcHcEbjelWJxUk5AuUGJJjXoKqim0e8R8NqltcTbfKzErtp2Jjbp7xXtniLIiIqgu4kNuAJMnv/StBhZu4ZPZkSoYMrazGp+UN6VlrWBdXTMuVB7TJz0lfyJ2oaMlsY2sIS4dnd2/zED4DQUbxPDYZymVyGP2h39edLrdl0mTM6+grnDW1Bk6t3o1lht0gxvCQLZrd4E9Dt8RQeLwt9LgFxDAGjDUfGmNjFtbOZY9KcvxKUS5IZXJRlOsGnaYNOJm1xjLqNCedNPD/EGW6oJJzmJpR4hwptXCqmAQGX0IqrAOyJ7QPDow94NTVF2mjf8AjLBLcw4zbh0gj95gp92vyr5XxDCPZvG2QSs6HqK+neIcd/8Ar2uZhJQEHqeUd5rCcQ41au2VLiLqgctyK1k7Zzwwsgasn4alLG4j2qVn1Zt3ibpQy+W28SIzDUgzI32001q+xYb2udwrQBr1neVOnvrL/wDUwGyIYA8x11P6Dka0fC+JI6gq4blp23pxjjJztrw7/wDx1M+e2RacnRh15+sjl2onjPHFwGHLPdF24WhFEKWMcwNlHM/WjsPfXIXbyldQSfKAOfwr4ZxviH+IxFy6YAd2IgaBZ8unpHxqoxTYm6GeB8TXBjBibrZixh+gQ8gOQG4HavpmPayzK5uKoADuTtA1HOviTvy5f3rVxxr5ApMqv2QevXvHKtpRTVExk1k3nibi9u67i3suXzfi0GvqNqT8PVc4ZgWA/uKzVjFsWAJmae4S2xIKsQCPn1rFxrB0ccrHS4pYcpmW3OikRI+7IBInSjcNcBhlUEglRyGuup6QTWbe02UgvAJMk9IiNPjWk8PIGQhwQJ9JlRr15/Os5LJotjDCXmzZWCgHaJ+tA8ScFsiJmPPWMtM1wCIRlXUn/k/KgHwQ9o6sJDqrg69Sp+amn1RVujvheM9kyhgANc2vl237bx76Z28Yt8Oo1BUrruCBpr6iluM4Ypw1zJq6x38vM+7eheAXmtBmYaNmgc4ka+hms5KtC2LlxjW0LN97SKqfjTJZ9kh33IPXkKs8XWMro6623EqOQbmPrSPCLnuKnU6+nOq63libG3D+GG4M1yQp+7O/9KNbCtbH7OYHImr3ssrBi4CjYR9Zq/E22NxWssHWFO+xI8yx2YGk1ZSwE8KxK3gVYEONBm77xQ4wzrfguyGCI0jbvuDVT3sl85wFZhmA2ienvmnPFHW5ZRt3RgJ5wdIPyqY4bQNnnGkVMCUYyTDAH90hm+QNK2w4fzFZ7Tp8Ke8Wwi3LKQ4BAymeh3GmxpE11kUgaH7PoZg1cATRYiZAco1gzQeGw4ZMuUEgyTz11/vlRuHti5mCZiR5TlMR2md6WIy23yLoeYmTH9zWgXHRoeDoLVp3QGVOaJmVMox7bifSkli6Q7SN3b0kDX81+FEcNxDC4V5GQR1B0Pyo3G8PZSpZZUj7XQkAb+4D3Ut4EsWD/wCIn7XPaqLruuw0FcrZeQMs7gEc/dXr3DGWIPflHLtUtu6GktolzFAQDuRMelMbN5XW0ijQuSw7hQPrSB7oLiVjKDrIiD/fzozh+ITDujsCwbUDvME+gAmmTO2OPHDBnsoo8+QsRzABiPzpDwfC+1u5JgEanpVl3ii4nFveAyqqQPQc+3pXXCsSUd3TduuunYU5UskQbqjUeKsIj2Es5oKAMMsxMbRzrA3+E3FAYLmU8xy7HvW34ZxFy8tcUg8mA+VNeNpOGusgGbLPw1kURkmS41s+Uf4Q9D8K9rSYXiK5FnUx0qVVmZlFtl7puOYMFp2gRp8jNE8BxXsXzuC42EmNJHLmNDTHi9hGc5IzsNQCZA6EHQaa6daXcJwxW9bRxmzSpE8mBSfdIrOUmjNxkqfhs/GeKy4S7kIylVAZdRDkBl01Bid6+Pk1ucRcLB0KjJAU8pfYluc0n8UcIt2EthF8/wB8ySTp0PfpV8XKm2h05Jv4ZsmoWmuGau0GldBJK0+BxaqiliDKzHTUjX4Gs2BTC1hLgCFUY65jppuNKmSTLhJxdoZ4i8wuIHSA2oXmVI398VovDmJaMjNMRl/y7AdxpWRxNm+9w3GQ5iZ0K6RsAJ2AAFNeFPcW4kplzAiNNlEmAOUCaylH4bcc85NVjcWgdFd8hYwhLKmo7sQOdL7V4LePnLk9XVokTHkJA2rrjPDVvtaLRHmBkwIIHXuvzofBcIt2bihAJIMwZB5zPb60kv6m7u/0NkxJi6BzRl95WI+dC4whMMCDlJAnbWPyMmdaJfhV10HsRrmDNOgInYk+s+6j+LcAuNhsqMmcSTM5SSIifXnFZ9ZN2tEuSWGfP8RxzNa9jGYBswY/d9K94K6ZmLsA2hXvrBHzFL04UfYvdYlWR8oSN4jMSeUT8qotvA90DtqD9K16rwyuV2zZ46+6RlXP2kD5napw97k5yuUEiNQdQe29etiCNGUnQajvTPC2NQWMBAI/4+FZ+UdH7FPFMQ3+JZoLFMq9RtJ92tMrmKyMyMsSgDgbZiJkfKi1IJhphp8nXu07UNicErbsJ7CdPlNJQdkSklsMw8QsNKwCPf170Hj0y3OziR67H56++rLAUCEkR13Pft7qNs8O9urqDDrlZD31kHsdPlVqDRn3VmSxfAbb3nLrpAgAxvue9W8P4dat3RkUCFjeTuNf7706u2SSc3lZdGB5EbihHtqhmZJ+f9/WqbwaVHZbwOwblwlYBbOFJ1AMaE+8r86OxmPviLV4wpALBQATrpB2jTcUV4et+xBuOICKzx1bUifedB6VzjcWr2LSGCygTpqABG/fT4VNYIi+0qFWII0ZQwC7kHrtPT3UFi0LoxNvMV1zhvMvMmFaToD1o65hi40YDsZ1Pu1FLb+DuqGUWm1A87NK7/dZTB9O9CTNZOKwKrbnlJJ016E6fOmVy+lxCg5QocahQNNeYFJcbeKEopBP3iOR10B7TQmGulDKkgjpVKPphKV4RqMXwS7hkdjDKQoDDox3jlvXODcgnTSY+VMuGeJUvWjYxI3XKrjSOh+MUBfw72V5MrfZZTKk9J5HsamV+lRqy9XJaPsjr0rWcHdjZZHaWZWUfCYNYqxcOQl9JMD6mtD4fxJa84AGUAQecxWbwy2lQlCsvlyjQkc+tSlXGbl329yM0ZjG9eVrRhQRfxbPB8mdCfPHmZehI333idaNwtrOFuGARB5cj+WlJ7YUIu7krJHMHqDzpnYY5QsRIH0qJRzTNEotX4wzDYT2lx7j6AkEBeZA+0ffyrPeK1HtIYmcsgbjfatdhFyqWPuFZPjN9SzkrJgwehNEY9dA4pRpGcvcNbJ7QQB056bmhAKMxWNJAQGFUBfU7k/Gg66o3WTllV4CsGIlvh+tNUxcaUqtgirmueYU6sd0MmxmkAamjPCrZ8ZZDGc2ce72bgD01pKRTfwtAxdg7AMf9rfQUJZFZtMbhhb8jzl1KN26EjalaYm2HItS7RqZJjoCx21193OqeO+Irzu0eS0klVgHOu2ZpGpJ5cvXWtFwwe0w6M9pUeCCFAA02I6SInvND4f3g0/kOq9D/DzjJlLS+56RoNByFe4vFXGDlU0QnVjA8skwOZgUg8HcRz429BlVtlU6aOst7/yithiHAeDrCExy1mZqJxWloISe3swOPTJZfSM85ojdzJrPcTwwusrWgoyqFymFJI5yAAT3MVoPEGICIVeCSNO0RLad6x5xkEGJHTas4RtGvLKnRrbR8iBhDZRPWiMNdy7nMNTvPoD3pBgOMteDWHC6oxQjdWAnf0FOrSZVWWJAAE8+X9aHCgjyXQa2NMBXESd/d+VeF5MV1w2wtyUcwzEFH/C4ka9jppRPF+HtaZCwguusbZlMEjsZBpxfguVelFlYBpn4fvRcI6j8v7NJ0fTWiOHXovJruY/mBA+ZFWZDfxp7NLDXmXz6KmUwSSYE8iBqdemlIPB1lMQHuEk3EaCGIOUHVSIjeCJ6g1X/AOoXES2WygkgBj2kiAO5OUf80V4RwotYfOFh2zZzzJDER6CIHvptLYuz0EcVOuQHyyJ91BvrqN/pRZt5vM3PWKoxACJqdW0A7nSsG7Z2QSjEqwzbk89vQafnR+FxeQ9jv3pSiBSQDO+vaeXSurl8AVqlg55SuTYRj/DOGxJmyRZvNJA+4x7r9z1X4GsTxbhVzDXTbugBgAZUyrA7MCQDGhGw2NbDh2PKOD7S2nLzKXJ9FUE/lV3/AKg2WbDpiHyOVYIGQMpysCYdW1EMBB/eI5igg+fO8aVpPDmIVrT2zcVZV/KxgnQRHUyJrNYQJmm6GK/ux9d61vF+F4UYUYmwpDFlQfajXclX2MA6ik/g0/RDj8WWIEnKBpTLw34hFlmLgsI9+1JcWgCp3Uk/Gh7bIJksfQQPnVOMXsXaSGWKx4d2cCMxJjMdKlLvbJ+H5n9alX/X4Tcvoz4cpNty6nQSpUy0DlrpNFYPFL5QTtO/PWgOFYpG8pYg+pg9iDUaygTIXhnbKJ+6fuyRyJ0988qy5I3JDhNx/wAHt/iQjIpnpWf4ocuVSZZhmPvaR8oozC4PIkuMj7GCG16gAx+VIeL4rPdJGy6D3d+e9OPHWy5ct1QCiFjpRCWSNYHvP0FVi4ANNPSp7Q9/ia0Mi0nUaRryrphrNDW3lhRpXSgRbT/whgxcvGRICHTrm8pE8vLm1pAK2/gSzlR7p21JPZdD9aqKyDFni+8Huukz7NUTQQAR5jHUS0e6iX41lwM5zncm2B+EbufhpPcUjF5na453fMx2+8c0a0sd9Y5Db+/hWs8RIjlml8CcRt2cSTccIrIy5jtMqRJ5bHWtrxXjCpcgHM1yAp5BMs5u87D1mvkTPy+Pp/X9a03CMK92yChzOkqyncAnMhXqNSIrmkm1g3g0nkG463tHbKeYidtOXpWavKeczznQVrzwZjpcldQSYg6GdAYpJx5At5wBpIOn7yhj8yaUVSHyO5WB8EQ/4hOxO3+Vq2xaZ7DU9tvfqRWR8Nj9oxjQL7xJ/p8q3vCuHG9YvZftNCoTtK+aPeYFDFGvRRnKAzMHY9Kavxk3cOqOcz23AB55Srf/AFHwqkWgVhkIYjYiI7EGh8RgRbtI0QXa4ekhcgHu1PzrOOzaeEd+1NSzdh0P76f7hQvtKqa/Hm6EH4Ga1Oc64o+fFOfxXSs/uqVtqf8AUx/gFN/DOLL2rwG0sw9HGf61mbFwyz7kB3+CXHH+q4lOOCDJZvnuEHuJQ/7PlRPaQQ+j9LoAk0pvuHbOZ0kJ0/eb6fGrrFnOkGTpsPy0ptwXg+UH2ykIVKKvMBvvnowOorJI6JywZg3ZaeS6ep5/D60LicRrFGcYwhsPkmR91hsyyRmHvBpJJZjqY7fryrQwsMtXgpn72+m9anxo4xPDkvgkFHQsOUnyMp/iIIPbvWPFsDQNl9YHzbStHwZXSzeKm7cQo5ZAivbYhSR5lYwZHQUMEZLh2Cd2GWN+sE9h1PbetZxq3kwDnfIyGD1zZdxH4qyFziYDEooAOhA2I5SOcddxRLcdZ7F205nOuh6lSGE99N6indl2qFOKxWcCQBGg1O3TWgWeunOgqoitUZtnXtKlV5alAHIPSKse5miT1H9/OuHTTeqnbTvTIH9zjP7IZtXGnqRzNIC9VTXoNNuwLZroGqlNW2rRJ12/OkM9sHzTTIbUK+6gbCavnSmgaotd4Fb/AAhNvhSlftPbf4OzGfg9fN7jSQK+o8XZUwJt80t27e3OUB+tXFZJkYbD7a7e6Zj8qWYp8pYnr86bYVfjy0EcxzpBiRmeO5q+X8UKJfhlMSdzqa0XhTiws3ocwjjKT0I+yfmR76RLtVVxtaxWDQ+m8VMmRt1NfPONv+1Y+k/CmGH8TZUVLgLBekeboO1Z/E4ouxYiJ5U5NNEpZHPh8eVo+0zR7gN/ma+leD7gK3LfSGHwg/kK+aeG2+0en1NanAcU9gxfNl0gnoD2+dZ+l3g2V5C4YgLAYwWk+sADrPOsZ4l4gS6IYlFI07maO4j4wtLbCWpZojYgDuSd6xV3EM7FmMsdTRQWHC/Jjr9Kl8+RvQ/lQLtEN+Ez7ufymmBWVJ5QfyoFZzw+1Og6qn8161b/ACtmmdm9+wCD7zs5/ilh/vNL+FPlQOeqN/Kl++fmUo5LZCoPwqg+CgT8qb2OOja8HFsKGRRqB5ucwAZ76V1x3iy20yjV2Gg/D+8f0rK8P4i1kkjVeY5TQjYpndncyWM/oKEDHeBC4m2cNcMOoLWnO4I1KnqCBqPqKylmwyMyOIdSQR3+o79KdYC5kuo/4WU/PX5Ux9jbvWbmdYe2fI43C5tAfxAAnQ9tt6l4GsiTDWVYgFcwJ2Gh91F4/Atg3S7aLKjj7QnfmjAc/wBNNqHe0yMFbRoBUzuORB91au3iRiMLdR1GcIwYEffCkpcA5GRr3UUAfHsamR3SZysQD1E6H4RQ5ejcYbbO5zPqx2VSN/8AMNKrXBBvss/8gP5PQKmCKahNd3bWQ5ZO3NSp+BqljVCD8Nb8okdfzqUCLzDnUqerK7I4xGkgVQ21Qsa9y6VaIeyupUqUAWJRSvQimrFegaCAZNFoKEs0YopoTL+D4T2l6OS5Z/iYL9T8K+j+I7I/wlxzuWWB29ov9ay/g3CyGeN3HwWPrNa/xW//AGzpGvkPwdZrWK0Q/T5+i+U9Oem2sUjw65iW7/Wnt7Re2oBjfWkmB+yafN4KJfOlCu2tFNQN071gaHF861XV62GZC4Ehd43Hf0oVjpQBp/D1tgr9SNuo3r3HsfcSPrReCQBEYHZQCfdofQiucfBO2vT+tSUK4qI2teXWiqMLcE+tMTGSCmFgfsG6hWHwB+kVVhMPOvKmAVQGWRqD+WpoBA+BthkRDs3tZ9EWzaj4Z6YXnlsq8vtHp29fy+FLeGu5RUUQfPmf8IZ2aB+9BHpRzsqKFG/Ibknr/WhgtFeJcARS647BhAJBI0H9+tHJhj9pqX47iKo4X4np0pDHebSg0xzpop1M6coOmteW7hYanff+lUOIYxzj4CmA6wPEQEZbqhlYk/5WGkr00/Ku2xJRbhtOCRbdfVWWFPor5fQUgvPoonTVj6V5axWRlc8lJI5FWkFfgR8KVAmZq2ae8JBrP2zFPeF3aaAWcbabz+oH+kUtZqd8ew+vtBz0b15H6fCkTGmJnmapXFSgQSqpExrVDGmg4dO0fzfqKh4Qf7YUuw+rFeSda4im68IfkCfTKfrXj8Gf8L/yE/kaOyDpIVCvVpgeEOOZ96MPpXH/AE1h95f9Q/MUrQ+rPbS6VY1yBFW28MRzX+YfWr8Fg81xA+UIXQMZGiZhm59Jqk19E0/h9C8MYH2VhARDaOT3OpHzq7xY2e0WGygSdYkuoA99ME4jhwJ9oh/iEfDegfEWLD4W5lKkDJoJk+deW/8AxW8WrRm0zA4i5AMjftt/WlFtspYdz8KbCCCGGh3MdtKTOsPFHLpMIhRbpQeIGtFFwBQd5p1rEostYopbZAdWpc1W1W4pDNJ4excpkJ+zofT7p+nu70VjXrJWmIII0rccFwqPbLuoYhSdSSNAeUwaVDQhubHrVK2Z9aY3sLGwq3BYTWTtQATgMwUBxpyP60WcOohgdB+XOrUgaDWumsA7gAnoNdutAzhMRpltp7zsO886uw+HC+ZjmY7n9K5w1kIDr+nwpfxDin3E1PXkKALuKcSyjKurGsu9pi3c0zw+FZjJ1J5mm9jCKNxTELsCGRQGPp+hotjOtK+LXSWyLtsffvVmGxUeVvtRv1HfvSGF3xIPfT3Uvx2IhXj7/kHoI/QVZjccoGhBJ6Une6XOugGwpiKqY4C5FL3FGYXSkMcIQ4IIkHccjSXi+CRFBWQSYiZG3emVq5SnjN/MwX8I+Z/4FMTFcVK9mpQIf2nohLle1Kk2L7TUSj1KlAF1eG4epqVKBFtsjnr6gH8xVj+zO9tD/Cv6V5UpgQYO0f8A2l+Efka9GCs//H8GYfWpUooVnD4K1yDfzt9aGfBJ1f4g/mKlSih2UPgl7+8KfpVL4FeZHvQfQ1KlIAduHJ+5/Kw/I1WOGIfur/M4qVKB0ef9IXkp9zfqKZ4S+1tCgUkEEfaHMRUqUBRP8T1Q9Nx+tejiKjcGvalIVFicUQdasbiQO1SpQ2wpAGKv3H0BhfXWrMLhVUa6mpUotkuKGNsgVVjcRlUxualSqRLF9jDwCTqTQHEkyiebaD0GtSpQCE2GHmFHlNalSmCOSmtXKIqVKBlgeBJpJeuZmLHmalSgTK81eVKlBJ//2Q==');
INSERT INTO `photographer` (`id`, `active`, `user_id`, `business`, `description`, `buisness_logo_url`) VALUES (6, 1, 12, 'Paynting Portraits', 'Live life as we capture the moments for you', 'https://encrypted-tbn0.gstatic.com/images?q=tbn:ANd9GcRG71Ln-TVgi1B7PKHDiwinsbc5CdXCGeml2A&usqp=CAU');
INSERT INTO `photographer` (`id`, `active`, `user_id`, `business`, `description`, `buisness_logo_url`) VALUES (7, 1, 14, 'Life Photography', 'Moments fly by, allow us to capture them to last', 'data:image/png;base64,iVBORw0KGgoAAAANSUhEUgAAAVQAAACUCAMAAAD70yGHAAABIFBMVEX////+/vz+/fv//v/69vD9/Pv69/P8+vf69u/38en59e/w5dj7+PX38ei8hDP69Ovq2cHz6+DJkTzNqnvfy7G3gDDv4Mrq28jVoU2zeyz17N7t4dHLoWnkzKm/hzXNlkHFnmzGk0bCiS3bvJHmyqLXnUHo0rXduIPCjD7v3cbt1rXWupTAkVC5h0uzfTfYxa3TpmS3fSWygUPcwZ+5gCu7iEPOq4OsdzTGl1PClV7guX/IlUPauYvdsG3PkzDYqmLpyZnnrkjcq1zfs3j137/iqFHEiCTmr2CtcRrk2tCfcj6nbiCXYSKZZyjIjy6ycxTOtZeedkuBUBXzyY20ilmbYgCcZR3ZrmSxdw/NpW/BlmnRvKCWWwDDonvy1qytgU+uEZCYAAAVUElEQVR4nO1dC3uiyNKm8YJoRK4iF1FQkURjMIpCNJvZcXaPs+4m+c7J5qzJZvf//4uvG/CWmIwZnfVMwrvPswPYNN1FVXVVdRXBsAgRIkSIECFChAgRIkSIECFChAgRIkSIECFChAgRIkSI8L8KgGFJRpbxfY/jTQGXq/pgMLDNiKw7AsCyQ3ZQpfP00Kggpo2wNQAmn/8wyvvHRVbe82jeBiBNL344yyEOBVjSrux7PG8DcuGH89TspKomI/nfHsR57ad8qEkBVnRTX2gfYQNUa6UPWCI4joi6G+QLhfPs4rSqxiPx3xapUa1QXCLjkMMjom6Lo8vSBTM/A0m7s8fBvBGAAmV8WDqXdXpPI3lDqP6sGcvmvjnIPts2wmbI2V3WXnJM8aG9x9G8ERzV2La5RNSc2oh8/y2ROvvxJ5dcukBbmYioWyJfqNWGxOIcDL2DxP6G8xaQANXLWs1cupK2ilhE1O2Q/GiwurJ0wXSiwN92ANhhrVQbLUk/7lYid2o7AGx4Waoth09FQdzbaN4KUjYk6rID1Wtisb2N5o0gXyuVarnFuULRkT21HQBWZEu1j4sLeMMlnm8eYROAZJ0tsfXFBXLAR4y6LeSLUunyaHYGsLqde6l5hE0gDqBKXVipudrRC40jbAIAiizLFhaBvspFtDm1LQBRN1jNjs/O5cKnfQ7njSB1XqsZwzB1KkYMC/sdzttApgDXqepsuVcs88XWETbCYalUYsO1CS790+R+h/M2AE3/nwqH/iHA6FJ+z8N5G+C6luaGkb6kPdzCmYo8hjnsLqXZoUV1ZGRWftucTDgjR5bYHESBZWv/CQgiX1SXf9o4UhXDFLXN6h+ikEGInFHS2PoBOgSVjysOKq6IG20AAEy0mmZV+5lLf4sRfoeQDUvoBppUGZhLO1Pg4N6x7JNN+kjpjoIly+0un1gojBjy1nY92u8E9A+WxVZ82/9iupLnKzqSxjqb7P9Va4eQhkWDvVjmdOLg3aqDI0OztCoiXXGwKuzKv0oapW+w/CilOnopdKnGLhIyyAZr6A3mpfveLqrjiaAV4YE8qK6u9oorCIKz4D0msza9CuAffvDfhmJR4/qsC9l2+EPuqvkuN7vAkLUkDTIYMRw8Kp1SmkJLcAJeA5hcdvRjLrOmC/niPPhXZ2sXobZgHI+ECkCaWO/R0MLPWE0rQYeKZpVHZunnXyRH0H0mBBgvcPl8eTzuLHRsuljM+LsxPwRbWrJrsAPGP8Q/ckkQi2E21ebeoU9AjASJsg6xVKH6uMbv899Sv+VnVUCaOijOIluUNo+3MOrPl8i9xc/D5SmrG6wRvJmOHtymSpPmO0zJTHkUJbXyWMV9vIcCMqeTX//9m78lkGmd+O6V2tXC+gqAmSxbqEHBly8rhM+MWZ3Vrg5Rs4zlL1gxSFTJeofJw6TLFkpO5lPtyYoC5KbU/62fh0fZZpir3mizRjH4FTNLJdYYQaPBCGMwsq5JV4iR8Z7u82sMa04ojf+HZrKM1LC4h6fOwbiaprl5+8OTXxKMJ7UmfRFLgOsbXzUAZIrWRvHg+Ihl2csRhtuzwIGsU5qBWFRhg6BXDHMEobuPRNe85ab2qMqZY8HSCiP7qYMJEFFvbyEHZ0LDCHKnoc0jWmhry5hCS6wSOk6y3tUuUbbg0A6dCIISKGMfaVmi4O2zYIlxWVazVlL+QsSY/7v99bYFVSLXC1wjAE0E2DhUkj5RR1C1zpQmFH8LKYe0MZN4eSJRWqhx1wL4MRv0P7DTzE16XN5ld6+FbFua0OLXTCnG/N3q//YrjzFSSHJI1LYktEOSFdkSW/oPVtFny3ve0agxJGolXPBhc0mg2j3ieXqBdFbOQDBMeqcu7T205PYIGerUyfG66FKM8Sb9f/96gjXu5rWVdFvTjNBUhZyqGf/BR6PZDbSlae0iRriVWfN7yKnd58Wf4a/L+sAaUJbQVHsnm4XENgA46I2/rMmJjMifnPBihty5opBdtkRN17FJgrm5vf11wpOnM/lGOpVl2+HmABJ/9ozRP8yGD4lKXRUxkcrPmvfGktDtPDO9bON43KyIGSbLMJl8kWtNTm+u16ihr0DONl7cFYoz5lS46p+e/v3LL6ctyajZQz5D7q5qXG5OJGmKr4tHQ6L2WxL/aZ67Blf/tkB1OUTUBCSqVirV6bY4I5qpsVrbhNI/b1/ushq13rhJcVdeMb5yKaE0bn77naOzW2oC9O6t53/GM/dqu8XdnygMmSazjJL/dFSZNtv6tMEr8efv2xwx05pIk/UKCBLVsgRzWFmUVlfh6r9EVK07qpbmqqOoaVSbzrrz+kvS01iBWrflnRCbTX6dzsmcVJoWZJvtvuDiXj0v/fmeM/ZOmNU940Q8m6Er9sDyerS/IGwVCc4cw7Vk0lv7G9SpLanfcJeCKMPuMlGhUlXPzucqs9MVqJ/zSnveXoFmqkSt86g6E45ccxkBz37mLKfM+4Gcr5ka1PxXwrrADxo0w41bdaRjYiuyGdIwma+oumZ3xCTYYhsz7XqnkqXV1zEGYG4k6ME2p/HFr3Uoz23fwIKqwIIu1UWhOnupoAEpbigdd84EdEuiJs5TNUlwlom/xAuEOHTZiyP54KtMraxrNNbflTzSDU5MhJbcI4BgRDJd8QS3QjPE/NLrkJyqsgoN9LUJFLHM8UTQrO5SIWDChhI+bvhEPhgKFsta2jzpmhgalmbIamPegylBHD8JqKSGjvgSHwDUf4quuPqoo+TAa2URLv1rc0Fj8MHGoJp6qTsQQ4/LKsWp7nImskYSryVrsucwuEpNbm/WqDeQ4KWJQAnLfkGyabDIakIoUhLUmII+F7T4FKoDPe/OxD2BNyRJELxHUgBiFetFmiKgueFMvuJaXiOfet3cGkJ3fWQ8OzLsTaw29CwC2ge6NS2+MsQGkBQqGD5lW7ena+4FpDeBkMpLZlyO1aAiNX3h11zIqGztv/Nh5qbwR7vqznZQQJyTJppRX+02gVWlzSoKEM/ExQrUA/VDJElrZfbpTY2usd7eYI7H09yGJXf++HJ03a399+gV+QwAS9lNyGWJodaXnKdbSQnsBGpUSZCuly7KhqBBZoQvfXhpHpVKpdqP9bn9w9i1Gnt+vriQhW8FugorFIxh/NjceA1A7YAMZdGyN5sbyHLjwfqc5bTXVl+zY+b7zrnDql0aFfMEtsnCBTBZtX3J7VBWwVpjc+Oe51IsJS1H7uguBeU5m+XdwiEyS9mSsci+kAs1lr3QF2zCNOFLaT9iy8zpw2vMJZ87Cdms2AW7Q8+2dp6bE0Z7Y4de33/FaH6NxwZIpVKqnVc3urdoeYEivf+dopwn/gfAlFZRNUqSsGwRHdVYretw7h8cg8V4ARK1tLBClQLk1MJg0ZXiSJowXuGOGNHrf1VWIU4qVfsPZ/ri5HIN4cp7psHJ+PTrvTW5arO1s3zuRa8El21rttmkGNJt/2kgOVG+y9zAdUaaEzVJyiOtxJZ0tZNE6oGnSrVSYUHDfA2eX853/mGDFlz8W8udxrB7Sfz6urckPbwo1P5bVXLxp9xIMMN223suIk42x/fbFNzhylG9UKib+edqTHClp5Xnr40cCy3h6VgUCfpGyCSahfU7Kmt0oYllBRegL2iVaj99XDCGaaBE17nJC70DjRIkb0Vac871Wo9488nJnz6MPv50/uHoUM6m5s8iFZMz2mrx2bSj6uXFtmEwQj6sFArn9aP806ekaE4/ppPz10Y40N58vOkH8J5DyE24ToXREVp3O4p5Cj1/NSBSDDNZRNTF8lG8hES9nKvUWKLRlaR2b2W9rTR3kF2RkpXi2cfCx4vz+rBSLRarFc62ShcN5flMLpwa7yQBAWeKZxeDgT00FYZM4hBEmoFWreBM8yvKfmpZ0gPxiH8+tzqBCxusYaJmQtqYFqUZc3XwqVAo1M5nHQHwoVay2Mu5OkgkuLEkjFdkQJQ2X/lfBsAJ+dNf9ZFt2xcX9lmFzr7gWALs/s+7XeTO+Q+AD+5wnkM5rqqqttsUWl4POdUrFOz8eXt7s+qJxxI9N442/gShpaC+OA46A3gFrvcLj5YZ1WphBrY/y7Ma5FSdXFzgNGiTLTvhaa+8g5n5nS/l0YXHL5qxZWlX24+BO3ZAZhSR5zvFIk+LmSzheyvLEG8l67EFJ6OkqEyToigUmgDZJuJPUtW6rrK4O3t0tFhQAWFDY4A9X1yAbgUrrIj7vbM+zvHVAOg/AGf0BUeWOV4TgdjmuYmVNxh76lGQntRyHmkczsuh/T5J6loyCq24eQzH8tCDWn3hS1NBRLUsYzi/BvARq0nqktRlJ9d7+oYIPbnZSaB0BSAB3yVIrJ0RdNGhN7qahpqfIOIppxOpi3agADGtQOG9MKzDVfdo5X3lXcfhFsYAIio1eUjO2wDvjtzTd1nuJw//7AMBJvb7k4dlgyNZVlFQwSeq5Rtmea3Bq4Z6+NIyA5jD5cA5FP+uJjXmjIvx0k5F8DW4//0fz+iAPrrQXF4cT373NaFyKnUlHdEJYLQ9UOlXFVcncK5rUYvJZFr7+3zYwY51+ZcRw/iJtGzGZaTA+RBbkFPd2Wr/2g2OBGhA42HuxZKet/VIvyukjyeTm/kZ7nJ+WQUkKlyo3K/tNIHRljB31fDy8ftKqoasKvVv5wkTDSuMrooWxXabz9/3JSh9SZotgJ32Fj7/dwmAX9/e3qHoUQzDr69mCghyGvXId38NYmRZCm3uRKf9/hIqE8T17eSBBBhOPvTn2pWHrv+kvMXqAjvg0KuKN9ZEbN4Bknz/z5vr696xt1ixeEmaTLgt7PUkZ+giFhenTfH9paj7YK7vjm31/mDJsJz8ejvpYFvsgCdH7VbdFrjsO6Xpk2nHwP0t5NRyh2e+Pl0EiMVKUX7H9dWxIKN8hgTWYTVBOvZ0vbplLcTjEM47Bt/UKO0PJS2blvpcjk6EVyHNtRxBELrIfSXp6BMguwDjufkHqSU5B/seydtBtukxB+UJpTXfWyF0Yi6UiWx4qCjriQDiyWT4S3ZdpsejyHny2GNA2ja6XfWFKogAzPO8TDAv2LhJ36ZIPFEsYeYouafvMWRmaUuJnB5Eg/jW8TrXBWCmpmm+BZ7A7OEaMikr35SIl5tZLJHmPNWufomm5PE8r+eJby+OnzcbcN2/r/EkJG8Fn8TkuBfqL74hFGsW+CE++UfJci8bEudgeYoAqzZ5kUNFI5CoDWzBzbNSHkWfxUoBvFTsZpAflc3msmEh2tKPM4TGK3lzMusvYL2lAYpCatYMX+kHjdXysqjY+ibMf5t37ZwEccfQCUvMH7mwlr+lSvo8IypIdvwgCN/yrn3hSfduGksNIVFVHCN1Gu1C2lzRpsPE4Y5a9NsT9dIoYCqlXKYxkUfz6njFjoj4L9mgOf9JmeFNx9/LJkyzNw1CJKR3fX3nu7bpDrTy80tV1tihZU7rqF9AVBUMk/9aokZygFIEOlde2t9bznBeGHJxAlmjaV8lyZxnBnf9pYZ7NXLPW06a2zEUISRqjAxGQjtlHhEp1SxfHy/l8QOsg4jq+ESdGqMh6+/OJ6duQ+eQ0iSGbM8nqtjmen8EW/dDq+Fd+a+GuZL83dZ0edixiv6fq51ecb0rfw8/XZ483E2QfBxwKkZMh0sDzDtORUWFxACrjwB2Vl8q/okPXDfNNG01jbZEM22uI937P7iBJgvEP20NG66fptBxOlwZ3X6g9jr9b0dVZTDTqemmT9R0mEp0L6SAspTJBznVFcUGSpiERFVzOBw45ANaV7D8wOdxRfczQAluCqlpI0HLUIcYafk1ETmpE0h2lslUVMQ3RJ3DQMP/kzXpuwcs0/efxesHsrX80QCRorE4fA3wUl6X8ZU/xkQMip7JT4/sFCIqV06BE893MfRgDsMKSmDPWHQilUQdnE1TWDYcBdP7e7eUXMLn/oyoKdt/vSQkKpK+a6GsqsYiHw9VlbBdHeUYJjAV6lSVRzxbqRNYauqznhiU7WVRP4cOOqYtMoG5PqfmqCByhfOnx/07RNTkqApbCMiOIG94qBn9BimHFle+Y5PXYE/Thr89P+Dz+vKaRGh00XFp0y/Mjaund57XRe83dhEksXA9JELJcv+G98X/cOAOffFPnJweO4/Ts3eHz625+PucCnJex1fy1y2aN82FawmJameDNScgql1ERK1Okxjp+vpT9DNLYAdF9Nco0HEexf9XiaqwItkYoekQXAOVSfje1s09xoQx2GH5obe8QObRVqyNiIre4NlKTjXB0ildTZlNxKmEWjZNM/Db3IBTuaGvKwilE5a3kLTqJ3+KgphsHH8zoiqUyGQyByjpzbekAAlp4q+c/QzB9xarQqBTfcCFqoLh53+hdpmBmSoGi12+kEf7+3ijyTCer41TboVUNF/8s+GfUsi7mVRPRWZp8uE0w9yV/bnCF8mE+a3yuLXyyZC81ckdhslX8o8/riTBEiUTM2nM51Q4vhuGqAa5bW7HN2A4v6RV5uOg6dtevIKLLcTKtJVNPfz9zYgq1/qnLZTfAMhTRNQYshmR+CWqrCot1fDCQc88owR2MYRERQXkAFRLNmsGdS4D1k+JJlVHD9OhlHbToQKiGkHGVG7aPNN9lZPk3NPjpq+NEXMzUhjZhry0bKweagP38kNgTRH1wgohiEtfPYV/SDRdPlU10R/qtO2LR0DUjG6Pglyhhjbt+0kEca9pN/vfbM85KSIgqU5k/LebyIQiDxR+9ank4lSGVJGDdkA+mmWUyIcB1ZM0HVi6BEOK6aB4D8xyJOK0SH72ObXcYfiwD/hoQgn9Iq+zUvYUz5CmGJAS4PVHf4Y5SHxMK7O5zAoAyaDkjmHCs/A5eIYPu0rS+aT4fUZ4GKfDdFrP5JQk79bZNAmefb7M9rCwt/yUnWHDsPCTZvn51BXbaj72eWfNiQq/Zusq26w+6+uAf334AnM9N+LYlxr8zyO+qNbFUuTzoenkOuolXip/zu0+7e57QV6bc2oySSRfm/7w3TLTN0VxXq2bndrno/cWTP0WADg3N9BFi9rvd0jeCkDOLoYijFcpofv+UnW+BWQ9HxI1VZYo9R1+pe8bQJx/DklxBKrxzXzBdwVTny1NnTa124KO94uiG+7zpV1p3Pvinl+ETdCZEZVuS1TEqLtBMayKBc3u1Xv8Qu83AQ0XKj+82e6q32cc6H8QjHuEAiW0Y7jRX6LfFUBHP0zHTadtK6/+dFCE5wA6WrOp6cNcxKe7hGya/nbVvscRIUKECBEiRIgQIUKECBEiRIiwAf4fT5UkQXjR9H8AAAAASUVORK5CYII=');
INSERT INTO `photographer` (`id`, `active`, `user_id`, `business`, `description`, `buisness_logo_url`) VALUES (8, 0, 16, 'AM Studios', 'Morning moments', 'data:image/jpeg;base64,/9j/4AAQSkZJRgABAQAAAQABAAD/2wCEAAoGBxMTExYTFBMWGBYZFhoWGRYWGRoZGRoZFhkYGRkaGhoaHysiGh0oHxoWIzQjKCwuMTIxGiE3PDcwOyswMS4BCwsLDw4PHRERHDApIigwMDAwMjAwLjAwMDMwMDAyMDIwMDAwMDAwMDAwMDAwMDAwMDAwMDAwMDAwMDAwMDAwMP/AABEIAKgBLAMBIgACEQEDEQH/xAAcAAABBAMBAAAAAAAAAAAAAAAAAwQFBgECBwj/xABLEAACAQIDBAcGBAQDBAcJAAABAgMAEQQSIQUxQVEGEyJhcYGRBxQjMlKxQnKhwWKC0fAVNXMkM5LhdIOis8TS8TRDRFNUY3WUwv/EABsBAAIDAQEBAAAAAAAAAAAAAAABAgMEBQYH/8QAKxEAAgICAgIABQQCAwAAAAAAAAECEQMhEjEEQRMiMlFhcYGh8LHRBSOR/9oADAMBAAIRAxEAPwBYIbnU7zxrEr5dbn1qRbCAXNQ209oIjW31HL5KS+U1xxUrY32jtQZbAm/jUVE+d1uxt4mtNsTBtVpnhSQQaxOUpy5MFLi6H+2ICjDIx17zTrZSvxY+pqOmxV28KmthKZGA7/tUcuSSjS7NGPLLl8pbejUZC5je53VY8RLlWozZSAW5KK023jLA933O6qFOo3Itkm5bInbGMLPa5sO+oqbGm9gT60hi8WSdKZu5qUE3sU5r0PJ8QSN59abPMRxPqaTL0nLJVyfozznZt7w3M+pq1ezbCGacytcrCulzpne4X0GY+lUx5K670C2V7vhEBFnk+K/O7gZR5LlHjercUXKWzLklUSwUUVVPan0p9wwLujWmk+HFzDMNX/lW58co41tMiVnJPbN0tOKxpijY9Vh7xrYkBnv8Ru/UBR3LfjVFOJf629TSVFSRaK+8P9bepo94f629TSVFACvvD/W3qaPeH+tvU0lRQAr7w/1t6mj3h/rb1NJUVIBX3h/rb1NHvD/W3qaTopUAp17/AFt6mj3h/rb1NJ0UUAp7w/1t6mse8P8AW3qa0rFIBT3h/rb1NHvD/W3qaTooAt3s22M+KxOZixihAkfU2LX+Gu/iQT4Ia6nidki4YEgjx1pHoH0f9zwUcbC0snxpeYZwMiH8qZdOZapGLrGbUWH9/tU4aQ0Q0uw0diSpt3Egfoaaz9FVscrODw7RNWtYQKVEdWLJJdMi4RfaOe4nYE6jQlvAmp/Y3RgdWM4bMdT2uNhVjyAcK1AqTzyK/gxKhiNrakcLkVD4mZSxNqb4mTU+J+9a+6uw0G+uPHHy6R0ZZJS0NsTIt9KTDi16Un2W6i9NJjZbVbKDgqaKadmIxfWrn0Vhypm4nd4VT9lRZ2C9/wClXzY0d2CjcP2rHmklo3eLjbfIs2G7MfedTUJtks6nKO8/sKfbRxFltz0qv4zb3VgooBJ58DzqiELdmqbjBfN7IRpTWjYmwrUo2pPj600xGtXN10c5tjoTXFJl6QietrXoTZW5Ex0U2X7zioorXW+d/wAiasPPRf5q7ZVE9kuyssUmJI1kORPyIe0fNtP5KvQNb8Eajf3MmSVs2rzd7XOlXv2NbI14YbxR23Gx7bj8zD0Va637X+lXuWCZUa0894o7b1W3xHHHQGwPNlrzjV6QQXsKKKzapUSMUVm1FOgMUVtai1FBZi1ZtWbUU6FZiitrUWp0KzWitrVi1FAYtWK2rFRokFXD2T9GxjMcpcfAg+NJfccpuiH8zDdyDVT69Cezbo57ls5Q4tNPaWTmAR2EPgttObNSaAl5ZCzFjxN60drnlSi6eVaK16mSE71ur1iWPjTJ8YoNvvTSsTY8Z6Aabx4hW3G9OI91JoRzDAors1+BP3qU60AWFRG0IOpkJU9kk/8AoakNlPnYXGlUeNOKho7cMSx3GS+YWlF1NVvaezXGo3XvVy2lDewS1MWgYDtDSp5HCcewXjLI03ohujmHI1I1OnlV42YuVb8/tUNs1BewFT8cJy8q5OfHZrXj/CjSIzbOPtfXcLVUZ5SWJq34rZUTqM7MCzMLrb8IU7iNd/6VC4/o+yNZXB46i1weNPHFJUYc+DLN2lojXxZCWppG2hp3i8A66kDLe17im00OXdrTcbZjlGcdSQk0lqzhWklkWJBdnYIo/iY2H3qc2Vscsl3GW+6+/wBOFWHoF0VVcT7wWzCMEgW3OwIB8hm/SroQTpJjy+POEOb6Og7KwawQxwr8saBAedhqT3k3PnTvPbU6DnSQaqJ7aulPu2E6hGtLiAU03rGP94fO4XzPKtqXpHO7Zyn2l9KDj8a8qn4KfCiHDIpPatzY3bwIHCqvRWasSLAorNFSoRis1msUUIKzQKKdAFFq2tRToRiis2otRQGKxW9qAtHEVmlqLVvlrOWjiPkWn2V9GffscgcXiitLLyIU9lD+ZrAjkGru+05SznXQaf1qv+yzo/7jgA7raWUCaS+8Aj4aHwUjTmzVLM9Vexrsbzs4+W3nTTD4ptbi57jW2MnJNgBYUjDBe9+PDdVqWtjseQ4wnfa1ReNgDNYNoSdLHfTwYSw0pqR2iBvG/lTjroTNcLhGDGx3caeh2Gl6STEEDtLbwrePaC2pO2CpFJxL2kYqoJNiAwBF1JBtfja1PME6ul1UKd5AFgeZtzpLpPEVJdfHx1sfPdekcG2qyL8rG57ifmU+tx3Hurzzcou10fQnDHkgnSuu/wBPRJRJTuGLTWtYUW9mJBPy8tOdPIwLVJ5knVmGkjXZ+zlVi/oOAp5insP73UpBE2W+U2ylr2Nso0J8O+o3a811IXW5G7lU2/uypPnIRxE141I3Z3H/AGYzRJiMygHhTRZDktyYHzII/YelbqezUktlqjqvyNsXgTNbXKAb6Aa8LCnMMCxiygDyF/Wn+HwEjAFY3KncQjEHwIGtMcfnQlMpD8Qwy5Qdxa+7zqXFt0Uf9bk2qsb47G5BZdW+1Xfodgmhw6ZzeR/iP4tuHkuUetU7Y+zVlnRS99AWC63ygZrnkTp510JXrVhgkrOR/wArk2oJ/loXknVFLsQFUFmY7gALknutXmzpz0ibH4uTEG+S+SMH8Ma3yjxOrHvY10z21dJ+pgGEjb4kwvJbesQO7+Yi3grVy8dD9of/AEGL/wD15f8Ay1oVHJiiGtWaUljKkqwIYEgqRYgjQgg7iDwp/jNnouFgnBOaSSZWB3Wi6rLbT+Nr+VT0SIyis1m1SI2YorasGmIxReigCkMzRRasgUxAKyBQBWwWpJCbACtgKVjgJ4U8w+zWbgasjFlUppDAJVp9m/Rj3zGIrreGP4sl9xVT2UP5msLcs1N8PsJjwrsHs42AMJhgSPiSkSNzA/AvkNfFjSyNRj+RQnyeid2rNoF56mmAWmmN2pd2Ita9ge4VhNqgb6oUJUXxkkO8RgQDe9JhByrX/E1chUBdjwAJ/Qa04SKVt0R47yqnTfvNJprsla9DdtN1MMY5B5ferEdlhVzy5ifoQEnwuN/6VHwbNMyXZGjN2AN+sHZNrsBu0tuIub2BoU0mDi6K1iMW+41pBJpvO+prGdC8RYnrYjbh2h+2lRkWxsQl1MZuD9ach31pjKDXZRJS+xA4bGrOjI62+YZl4HdfKd+hGmn2ppgm6kMsmgIvpqGtuYHl+u+9qbbBkyzsp3En7n+tWCTCK65GF1P6cLg8DXn8kLVdH0BS4Nx9GkeKEjKb2IYkcBY778qlcBG0siQrvc2DDUAb2J8Fuf8A1qt4vCNh9N627L8+48m+/wBug+zDZ56tsS4+clY78EB7R82B9O+sWPwuWRW9GPzfJWPE2u+kS5iC4yKEDse5yjL3CSBR+hNUXbsLwTvE17A3U80Oqn9vEGrNiekUQ21FhzfMcNJHm4Z2ZJQp5dlD5kCse1HZxaAYhPmi+fn1Z+Y+RsfDNW3zPGWWHy9o4/geQ8OZKXUv6imGXNfx18a2f5T4H7U2wUoK3HrRisTZSByOvdSwY3CCTO/KVrR1DoDIW2fhmY3JjF/1qH9peyrouIUXK2RhwsT2Wt3E28xyqW9nP+W4X/SH71M4vDrIjRsLqylSOYIsa3NWqPKwyvHm5/k570Mw2VGlO9uyv5RvPmftU7isakUbyyNlRFLseQUXNIe7dT8L6NAeY4Hz3+dc/wDbB0hIRcHGdXs8tvpv2E8yL+Q51dCFRSKPIyfFyuX3/wADPoFs9tsbXfFSr8GJhKynUAKbQx7+654HI3Ou/wBVP2XdF/8AD8CkbC0z/Fl/OwFl/lXKviCeNWyoSdsijyV0o/8AbMV/0ib/AL1qc7S/y/B/62K/8PSPSdP9rxP/AEiX/vHp1tCMnAYMAf8AvsV/4erq0hWQNZBpT3duRrouMSbBQYc7PwUbxyYeOR8W0Ind5GF3UlgRGFOmW3Cm3xBKznUaXrEi2NXeTbEeJw2IjnwcKYy0XUywwmNmHWqZAwUZVbKG7WlwSKrsEckEySGKNypv1cqZ420tZl/EKis0W+JZ8GXHlRrtPYoiwuExOck4gTEra2TqZMgseN99RgFdN2r0hc4HZ7rgMAxdcTdGw90jyTZfhrm7N955mq1taefFIqe5YWGzZs+HgMbnQjKWubrre3MCiOVLt/yL4U30n/4Vet4476Crb0d2VPh36w4bDyo2VGGIj6xVBYXKgnRu+rntP2fMMTLJBFGq9YSiZQEA0sABoBUZ+VCKu7JR8eTdS0cvw+x3b8NTWzOibPvvXUMDgjNDIJooIpI5wl4EygrkvY7+J/SnGEwsMZN9AqNI9rZsq23d5JUDxqpeZNulQ54IKN7KRhuh2UXy3twPGrBs3AYaSB3GF6qSKVIz22bNdCxNibCktqdOJYe0I4An/wArLmNuRdtWNNNo9JkfZsuLw4MbPiUjliOoR1ja5UnerLkI5G41q5PJKrZllGCukS2zNnpLMEsLDtMP4RwPidPOrEm2kLzwurKVy5XA3hhrYnjVf6F4OeHCCawaeYiUiTcF/Ap5aakc2NS0GPlm6+OaGJWRI3UxjXtPY6nuH605KnVixrRLYLZOFZezZibfiJIsb7iP2vrSjdH4b6Rqd2jLYWAtYZba6X86go8HJpZTT2HDTKSHLkBc2RX1Yk2VdD2bm+vIGh2t2Wr9CawGCEQYKqgXvZVA1Hfa5/U61rtHakcQJPzciLHW28+lUDpH0r2nhpgqxYd0A7UOVgzclR2+Y24/pViwuLgnwoxEcbIXHaV98b2vlYXv3WF99Q1eyX6Ckm3SxBeOMkG63Xdy1vTqDpEmWzIc2uq2AJOt+6oDZmGHWojC7sjuiEkKzqtlRjaw15X3b6eYqXGQqXeLDyKN8Splt4XFz6024/YKY7x+3WZTYZQBw1bv14eWtU1NsTi461P+sQZhoLjVb2verhiYxOiMkeRHjBPCxI7Qud9t26qzLs2UEhHFu8nfxtYbqkqoDn0WIySZrg2Y8e+rPsbHiS9jpy5GoabZUUoZoSA1zpfsnXcb/Kf7tSexEeJznup3Zf61kmkewc1NW+y8R7P94CwX7UhABsDltqX15AE/pxq/43ERYLCs9sscMWijkgsqjvOg8TUB7ONnnK2JYfNdI/yg9pvNhb+Xvpx7Qdiz4yJIIyBGWzyXNi2X5VvbQX7RP8IpxjxTaPP+VlWXMo3pf1nE9q7VkabrluZ+sEwKi9nDZ7gcr28q9A7D2hHjcJHLl7EsfaQ8LjK6HwOZfKuew9CZo3EKRxqzRlyA9gVUquptc6sN5NWX2abCxeCWaCYJ1RfrIir5iC2jqRbQXAI7y1LHa0w81Y9OMk3+CibR2V7jI+HZ9AxZDYkmNjdPO2h7waj5bENZmOh/CB//AFXRvarsXrIRiFHai+bvRjr/AMJ18C1cpxe0Aqnnam1WkjpeNneTEn76Z2v2bf5bhf8ARX96nJ8UiMiswDO2RAfxMFZyB35VY+VQfs0/yzCf6K/vUJ7V5JPgNC1pYW69PzA2F+6wcEciasSs89N7bJzprlihbEndEpL23lRr9/vXKPZjsR9o7SbFzi6RsJnvqDIdIox3La/gg512LY+0IsfhElABjmjIdDra91kjbvBzKfCoT2SYKOLZ6lFsXmnLE7yUmkjUk9yRqPKpKdKhcV2WqTFIrpGWAdwxVeJCWzEeFx60vXJ8bt5221hp72hEhwya6FZVK5j3tIVPgqjhXWKrjJSVolKDjpnl3b7hMVibx3/2iU63F/ivTzFY6MYLDfBBvLibdo9mxw97aa/8qlNrqnvE99T18u//AFGolCe6Ye6r/vcRvA/+zuqLy32v5NSxdU/4X2KcdoyKcykL4DT9dbVbOlD7U2TiGiSeVYlN45VUpG4cC+lypIOliSRbS16jMXg43BGguLaAVI7K2htKEkwYvEEM12uDKLnexDXBP60vjwe2D8efSdlg6LdI8ViYZ5MdcRRx5o8TIipllLgIiSEDNmuQRY+XFjtnFwKUbOkmcaFDfjbjaw8bU22mZplJxvXYgAHI7vLEFbKflQKUB0OuXde+lVybYDiMShCVOYdlgzAqBcsNSB2hbnY1RJY8krtovxvJji40i07QxNtn4KSNWMSPiY5HTdGxmzAMbHKSpuL1vs/as7xn3bDSsFGd5G+IuVV1uzqEA420PjVQ2TtTFYNi0E8kRb5gPla31IwynzFPMR0mxeINsRi5XXdluAljxyCy3vbW3PUVbLDFq+yqGeafEmpOnmIZMh6sJdC3w1UhQQTw86tPSrpViYsU8ccQNzeNgrnOrC6sLHtXBG7lXOcTtQSJlZEDfUgCg+QqRwG3NqRxLHFiJlht2coBsvJXIJUeBFVKEKqSosafLlHZcpffY8DLLKpSR8UrlI7l0j6oi7g3KXK311tbdUFsHaefES4eSUr7xh2hjkciyy5lePMeAJXL5ioDDYvFRdYBPiFEhJkBdxnJFiXue0SNNaYYqIsNQa6GHHCtUc/PKS00OdrYCeOUxSxyCS9sjA5ie4fivzG+r70R6Ek4AxT9l2xUeIkhtdljCMESQfhZxckHUBhcA1SMP0v2jEnVLjJQgFgCQWA5KzAsvkav3QzY0sEayDEy5pcssozE5mZQdSdSRuv3Vom5UjJBLZb1JJsBc8hTzZcI94kOU5eqjFypFyGa+/v1qAxKO7DJO0R/hJBa5AsCATfUf8q0w+zcUzXGNnF9Lu/ZI45bd9hYheNZpvdF8I6svLnkpPhl/c1D4TEZcbKj3HWRoUvb8Ga4H/FUdgGnjLxvO8jA3UP+JbW7B33zX3gix9GnSfrCqHtdkFka2ViND2SdVca9k6HXyjZZxZP7fwwlUplu34QFBseDEsNLdxqqYDZBwsEkI+d5mmItmCBhkGe5sGJZmtfdYbqUweIxJVi2KmKL8ygWlAF77xmG7xp9LBGET3ea4Y/wMTxuWCktc6G5JufGmCTIr/CvfSwzkSRr1gEdrnXKLEk23HeN/Kk4ff4QBHiJTY6Ca5uAAcpUi5P9a22hsSQnrI5JEmNgAj2V+12ctjZgDY6/Lbhx12rtPEYaNeuxkjkrmIhy3tuNpNCSO4+dRJUWjBY+TLF1sYWRogZE+XK5Itdb2BI1toRfv0j8Ts7EO7MFVbndc66DXcOFue7fTbo7tLDuOyrAjMCruGztoSSTdtO1rx36bqn8LJp8xGp0B0/W/wC3hUkxUcDwOIKSmxsMxv61admQe+tFCARI7WDgXygas3gFBNj96qGJGVmI4sfvXWvYrsQrCcXIO090jvwjB7TfzMPRRzqt/MdzyM3w8ba9nQMJhljRY0FlVQqjkFFhUR0q6VQ4JO325WHYiX5m7z9C/wAR8rnSq/009oqQloMIVebVXk3xxEaEfxv3bhx3WrmAxsjO7SSF2c5jI5uxPInlbdwFrUOXpHO8fxJZPmlpf5JvaXTDHidMYsi51BTqbfDyMQSlt5vYHNvuOG6ul9C+nGH2gtl+HOou8DntDmVP417x3XAri+JxdmvvCqW0qPmxQzrLEzRyIcyupswPMEUKzTn8KMleM9NTxK6lWAKsCCDuIIsRXnHphsV8JipYGuQDdGP4kbVD6aHvBrovs/8Aaqk2XD45lSbRVm0WOQ8A3BHP/Ce7QU89s3RvroBikHxIQQ3fEx1uf4Tr4FqkZfFySwz4y9k/7NP8swn+iv71W+m+0B10rHcgCAc7Dd/xE1YvZubbLwl+EIv+tcf6YdJ0ad1zfjLt+ZiTbyB/Wi3GLa7MqipZKfV7LN7HdvGHEyYKQ9iYmaK+4SAdtR+ZQDb+A86kcDtzqNkRIrWeWbFIO5feps7ehA8WFcr/AMcUOkiyFXRgystwQRqCDW6bdXKFMhIXNlBJsM7s7WHC7Mx86zOU3Cq2aVjx87vRYNsyfDzqRnQrIvihzL+td3wOJWWNJUN1dFdT/CwDD9DXmeTbKEEZxqO+u6eyTaPX7Lwx4ohhPhExRf8AshT50ePBxTTDy5Rk00c/2jseEzykltZpCe1zdjSuG2TA+HiDC4Ek9rk8eqvx7hVX25t9FxGIUvunlFgDwkalJtvKmEw73btS4m2nLqP61meLI09v+s2LNiTjpf1Fpj2DhQy6WuyrpfexA/epqNMJCoK3ILulja+aMgN5aiuaYHpL1k0CBjrPFp/1i056Q9K4+skiVBGI5pbKMzXZpO2xZm3nKNNwtaq34k5Qabdjl5UOS46R1TCYzCMRGyRkOCpUqGBGUkhr79L0hLgdlOikQRLnS4KAxm2Yj8BHFa5d0V6Q9bjYFsbZnJBsLgRubaE2rTpLt5QMIyLJGrYRSESRiF+NMN7G53ce6nj8KcIOKfZllkxvJduv1LVjdm4WN2CA9UiyTspJcgIhvkDtYMbqLndoeAqvbb2Zh0lKrGLWR1ILKSsiK63XMQCAwGnGmGxNrtL7yM8htgp/mtfcvEG9MuluK/2i3WSD4OH0BNtcPF31qxYJRik27Hk8iLl8tUWbovDguuWN4WLMHYMQHsY0aQ/PoNEO4b6fN0jgN8lst9ALaeNtL1S+hOIzYyO7M1op/mJP/wAPLzNV3OOVWS8SM/qkyMPOlD6UjruzdoxTWDtlzzxYdLAN8SYOVL3PyjLuGutVnG7aiJserB8RwNqbdCD2MP8A/lsH9paqmJfttu+ZvuacfEgvZCXmzl2dI6LbLw+IyNIzWeSQKEClPgLE7Byde0ZUUAd96vzS1WfZlhRFgoY5EJaWXEyA7shEMLD1CjSpTaONEcTyH8Kk+JtoPW1a4LjHsxZJOUuhh0ix7Mre74iaOQYfrtLdWV94aAhhvJB11uKjdldK8WpHWSkiwV9QbZfxJmXU7j2r3A13GtJgRs/DTqis8kDwSs3WFlVsTLKnw1YBQzoxzb+wQDUA2MkjYoUEi5bI8lpSF3WbUjSxIPK3fWGcny0zZjiuO0dcigjxeGQ5ic+dkZBlKspszLaxU3vrYanncmKxk82HwxGNmuqvlSTL2wbAqG011BIOpNgd4qCG15cNgMMILXjEeca9r3pJJRqCMpBAsedtKd7V6V4fEYYpiGXrFC3IVyAwtfXJlI8yNTuq1STIUySlaO7iGV0dZpoGbKM2eLKWKrfKw7QO69ydRc3fYfEAvHZgDJIsdxYo2bda4GoGa25tBe9rVX+kUOHaSZcvVlZ5pBlYgtI7BZH7TXJsq6AWHfUdsTbcnvGFikN74mIAZ7g9tfmXLqRwItvpqQmtFunlEsSyBgshHWdoXUNGzLZgu/MFdc1rkEjXdTIpE7oABnJdQX7bLdWAQX33fKOO824Cq5jOkSnD4ZgMhMUgCl3fVZ5Ea8jdok5b9q4PEHjDYfagMySdaY3E0RVVPZ0cGxsASNBy/pKxejoG0pVjiSNMgKKpCAZbsVByqEYEZdwtqLA8KxsvpDiFjAkja+lmFiHUgWbVLAnjlsLgmwJIqC2htdopsT1kEkqGaQ5yOyoEhYWzR20yra1uGptemku14ZyXaNWO69yLgd1OhFMx79o+J+9OcJtfFZer98xPVgZBGJpAmW1soUNbLbS1Jz4MFm7fE8O/xpEYQprnv5W/eoNNHblGMq5KxcyFEAykcLWtSCyuxtr6VrJimXQMfCtk2g3M+tJInzpUZlmtmHl5AU3U0+TaTePjWH2gD8yKfEa1PQRnQylRSLEXqUwO08WFEQxeIyW6sR9bJkykWy5c1sttLUzMsZ/AB4Gnewo7yFuCjTxP/K/6U4x5SpGbyHBRcmtolJsZLg4cwxWJyIuVIutkEZJ0C5A1svdbnXPpXLEsTckkk8ydSamul20usk6sHspp4tx9N3rUDVk2rpHFV9sL0XooqAzbW16kMBt/FQLkhxM8aXvljldFubXNlIF9BUbRQArLKWJZiSxJJYkkknUkk7yTxqX2lOhwOFQMpZZcSWUEZlDdRlJG8A2Nr77GoOigBfB4lo3WRfmRldb6jMpBFxx3UYvENI7yNbM7M7W5sSTp4mkKKAHey9oPBKssZAdb2JFx2gVOh7iazjca8qxByCI4+qQCwIQM768zd21pmKWlDBQDa28Wy38yNfWkA42VtJ8PJ1iZScrKyuoZHV1KsrKdGBB+x3itdqY955WmkIzNb5QFUBQFVVUaABQAByFM6KYDvZmPeCQSRkBgGUEi4s6sjaHuY03BHjWlFAExsfpBLhgwiyWJVxnjV8kiBgkiZr5XXM1j39wrfojsr3nEqraovbfvUHcfE2HnUJXTegOzOogzsO3LZjzC/gH3P83dU4LkyMnSLNhJpYyVBTIWZhdQWUuoVspPy3AANqjOlMyNF1TsVzctSbX0tcE+XKnxkqmY3HviJndT8ONyi6Ajs6X10Nzc68Kj5MuENeyWCPKWyU6N7MeVQqYyJIUiWIq5ytZZWlSwK/P1kjDfezEcabTYHMLOCxGlkNzc2OU6ktqRaw+4pHZTzqzdVDNOXPbyozKDa4zEAqDZgd+7jY09nkeIBZUKjez/AA5HzZtM2R2VSbAEaacBeubkcnTo6GNRVoljspl1kRgkghQLiYkQPJBG0SZEEyuhCknLa7Xvc2tUJiYR2swRWsmhLIRa90VG3ZezvIv+lNoMVEheLNmB0Ujet72AB0y301BK20PNPGwvI143RURbIt7Lf8VzbW2psLk2vpc2blyaXQRhxTrZKYzGTvMXd7M7Cx0UEuSzKLXzHfoQBqKRx+JaJ4pVQB42WRZA17yKQwvGV15+R5UywM8UYUNKrdrXrBc57Kc+um/hvGVfEP5oppgOrid82gHZQAKBmYMd4G/NqdbUlOcZUuhuMGtkasEs8cYVQVjDKoVNAGdpCDbQ9pjv/QUphdh4iRgY4fiKwbs6gWItcAGwvz0qQ2Rgmd+qACsWuSgVggzA3IU3ygEb7AZluRxuOxVEgY6MQ9hNDa5O4M0SMeG643a7ta0458ntGecOPRC/4PiSHaRIFdyXYB0GYsczdmxXUkneNTTWLo5a+YRg3uR1tt4HCrW22GhJzjOlrCXKgDC+7OlwBr+ILuJow21cIwLaKSbkZHGthr2RY6W1rRyS0VcWcdmPab8x+9aI9t9Zn+ZvzH703lk0qizrLJS2Ep1rRGpIy0jeplc8yT0PjLSRkpuWNa60EJeR9kOWmAqb9493w1/xtqPzNu9B9qhNmwdZIo4XufAf2B50bfxvWSWHyroPHif28qvx/LFy/Yx+Rlc6j6I1jfU1iiioFAUUUUAFFFFABRRRagAooooAL1kmsUUAFKxTMt8rEXBU2JF1O8G28d1JUUgA0UUUASnRnZnXzqh+Udpvyjh5mw866f1lVnobgeqhzkdqSzeC/hH3Pn3VNmWtWONIqm7YpjsVlRjv00FwN/eSLVUWwKobpZUIBFwWRtbHsM2YNy3XsL2vUjtvHSZ+rSN3RVzSZFLFQdFvbdzqOw00Vy6HMo1yMoIv3cjy089KweVNuVLpGvx4LiPdnSYf5CzsGXgjXZt1iALtpwAsLcdLSbJNN2F2fKQgJUqkkeZABcBHIB03hVJ8tzDAqiSidQ0bKcwKWy301Ckb+4WBvuqc2X7RcQj2l7S6HtdhwTuFgCCO8X4VmgoS7s0yck9FRxmzA1y6mNwbb7ZeGqta+vh3cBW2zcC0QzO6dqwzXuu/tArxI/u1WTbXSYSyLK6iNrZc1wQ1iLdm2/dxPlUMJMOxORcrkgNlsquL3IIYG2+5ItuolKtLolGO+XsxtLZZlPW5b5JBZbDNMTwSwIYAAEk8L76e4TGPDlRorEbrXDKR2he50Ya8gfLWOjwMeIkEcUwQj5s7FFy3HaHPwAJP2m9vYLCoqGCOWSYDLIwkGV+z/vFVzmDXHLcTcHQhvaWyPUnof4HpAjnIyXFt5Ve0w78o01Phppvs/wAFtQRhgIJFQnMRHYAnTtXsO6qPFtlAyrmLWGVLBFIHZOViDmuOO8Hu4TWNbII8zoEtZbqdRc6dkj01tzqzHkcXUl+5XOMX0Ts23sO4yvBJuI0dTod9r6qfOtYcfBr1cTIt9F7XIfS9qMGkLn/dBTwPVyZL8mJzZdx1t6U8GLIuMq7/AMLoR5G1aKTKto5ViD2m/MfvSEsVxenEJ+N/Ofuazi2XMcp0quO2bITU3VEcYhSTLTx4uVJdTVlEp416Eok1p8kdZwuG1vToqBUoxFGop2NJ3EKMw0Z+yO7mf77qgqd7TxOd9Nw0H9aaVKT9L0c6cuUmzFFFFRIhRRRSAKKKKACiiimAUXoooA3z6WsPStKKKQBRRRQAVIbDwPWzKp+Udpvyj+ug86j6uHRfCdXFnPzPr4KPlH7+YqzHHkyMnSLBnrBlpt1lIYyRSpViRm7NxvFxv8P70rTOShFyfohGLk6N8PM0MMkxcEyuTlBAFhdFQG1yQAePPTiYPMssuaQNHdSLC95PEg792pOtqkcPd3CMqSMq2AUqI1Gpuc2ii1jrzvxqwYHofi5CyvhpbHUM0kYTKfwqVO61xe993jXEV8pSSbb9/wCjpa4pN6H52Ls44WOd3kVyqgJKRMMxGVfhgLfXW9hpvqn47Y0eYgu1jYILmwLWAK5t9zrrztpUjtLYxgktIHiuxsrg233AV92mguSd2p40sknUzRyKt5EcrEWAbOzqVKWNh2rkXOg33G+ouT5pLQ4x029lNkhmUvcF1UG7AkgDjx0I4jhU5sfDMIi5LBbLIw3gq1iAARZmupsD579LJ0i2pip4+rkjw6dWx+FGQM7supvex0zC+4knU1E7E2Ys8qohWLOQUV+0FGXM65bC4vnNjYAEC96snO9L8BBV2IRLD1jtCoQhLhiAB2RrcKMqseYHDW97lh18kjMMgVWVirBw2Zlsey9rcN2+16s+28Fg4AqIM8igpIVugYEm/YJIBBt+vOq/IDCAVRGVdbogVxYEr2h2rWvftWNzflUbjyafZKpNJrSBYHa00TKjn5ySiluBJC6qeP8AYpbESTutw4fKDpbeb8rWOhI4Uls180RACEoTpuY6Brhu7NaxqSjtFvkyhrXXTuF7AXvbyquU5dC4osWwtvt1CCfOrZACxYMzW/HlcFsp4WP7U8EcW++I117KMBryD6/tVcGMdO1G5tc6hhv5gFDrpvFqcwdKcQRfr5TrvUqB5Dq604/ITW0UvH9ikYiAhm7J+Y8Dzpu0LfS3oaKKuXZpWujZEf6W9DWZMw1KN5A1iipWKUmYixEjMFCMAe43pDFZ1UmzXbTcfM/3zoopKT5GSc21sjDh3+hvQ1j3d/ob0NFFTZSHu7/Q3oaPd3+hvQ0UUgD3d/ob0NHu7/Q3oaKKAD3d/ob0NHu7/Q3oaKKAD3d/ob0NHu7/AEN6GiigA93f6G9DR7u/0N6GiigA93f6G9DR7u/0N6GiigA93f6G9DR7u/0N6GiigB3szZzySBSrW3todw3/ANPOrgFP0n0NZorVg6K59mLNyPoaYY3MzWsbAcjv/u1FFQ8v6P3LMH1GcHi73zK9iCCyhr2/iFrEd+8eF66v0A2lPNhmMhDGJgisAQXUIrHMD+LX1oorDj+o0Sfykd092nFiSkaKHEZzM9r2JDLk8gbnl2fLnOHws07oVGkd1u19c24AcDv14ZhRRVOST5MuxxVIc7JlkbsTwmyXVSFIubm9r77b7HnurebCuLtY6fiF91yAbbxWKKz5HU9fgugvlNDG+hIY7t4p5Bh2IzBTbnY2BOliOK7x/euKKrmSTEZtkNHpBP1RYktHLG5UagArIiNwtvA051E7X2ZiMOyl1FnGZZInLiRb5SQ/Hdu3juoordhfKOzHl09DRIpWyAqwW5sBcE7rnQdm9hVl2StkOZSTm1Jy33D6heiiiY4dH//Z');
INSERT INTO `photographer` (`id`, `active`, `user_id`, `business`, `description`, `buisness_logo_url`) VALUES (9, 0, 18, 'Rae\'s of light Photography', 'Where the lights fall to capture your moments', 'data:image/jpeg;base64,/9j/4AAQSkZJRgABAQAAAQABAAD/2wCEAAoGCBUVExcVFRMYGBcZGhoaGxoaGhwdGhocISEfISAfHx0aIC0jJCAoHyAgJTYkKCwuMjIyHyE3PDcwOysxMi4BCwsLDw4PHBERGTEfIB8xMTExMTExMTExMTExMTExMTExMTExMTExMTExMTExMTExMTExMTExMTExMTExMS4xMf/AABEIAQoAvgMBIgACEQEDEQH/xAAbAAACAwEBAQAAAAAAAAAAAAAEBQIDBgEHAP/EAD4QAAIBAgUCBQIDBwMDAwUAAAECEQMhAAQSMUEFUQYTImFxMoFCkaEUI7HB0eHwB1LxFWKCM3KiJENTksL/xAAYAQEBAQEBAAAAAAAAAAAAAAAAAQIDBP/EAB4RAQEBAAIDAQEBAAAAAAAAAAABEQIxAyFBElET/9oADAMBAAIRAxEAPwBN4V8TVDoy1QNUAASiQ+g03LBpY/iEgbgx9zj0rpdY5JMvlwq1HrO2ooxaGPqECLJE+wAPzjx/wflVq1/KP1uIpmVEPO8se07Ttsceg+D6map0CjZinTNGtoLVQzkal0qFYGCBqspNza1p0r0ulUFlBLb3mfff9MEYR9Iq06Y0hlHCySGdh9Z0vtfBHXM1VSiXo0wzyBDE2BMagFB1RvFrcjExm+gRdjnYObpBRA8lQPNJuQHZmNjcwFBMbxjFf6i9Xo5mjUQVZZC2imupT6TEsGswN7gcYJyvh3M+fmszWinU80VEdXAX0iYhheRpH5/fFV+o0s7mlqZpBTApkEUzp1sJKyTfc98XpYzKNBIPMfxxKk/lutQANDTBFjGJ9V0ea5QELPpBNwMCs3HGI0vz+a8yo1TSF1cLsLYIWtTpIyq2uowUh1kBZAlb3kXB74BrODsgXbbV/wD0Tvi/OZQoF1I6ekTqi5MwRYQCBsZuDfgRHKgT0hCxESZ4Y7/bbE3zhNFaLBAqMzhlQeYWNoZ9yvt8dhE+h5Pzahp+fTpAox1VDCmPwz3P8jgajQJR3sAgWZME6jFu8c4olmAAAFh0EHXoKkkgSpJ7G364+rZepTAYoyhl3IsVNj/H9RjTeH6VN6C5bM5YDV+9pVpZXhgdA2hkJncgCfvg7qeQzdSkqIjUgqNSqw6tTqgEE6SN4IHJvIneWDEsrKCCsSBMrcciJuPtxikiI9774IztOpTeHDA8agQSvBvxgecRXbn7YlpI3Bg4+VRJhhYEgmb+wtufePnFuaytRAhqIVFRBUSfxITZhfY4Ch1gxjqMOcQGO4D598fY7oMTFhiJOAP6fUT8QgjmTPwANsXV+IOkdwJB+02P9MKgYxalc98UfUk5mI5xq+g+N6lNUo1QWoBlLBLVIUEjSZAnVpJO9jftkwSYG/AA/tjU9DziUB5FbLt5z1qTFKlMaUUWBAb1GQSCOe98WI9E8G06dJWqCqlbzag8sMwLJK6mLOw+oCSR898bnKsSsnc8Wt7Wx5s9XKFa+XSpSQFDUesF0OrBjpp6DA1gzcH6YEXxtOlZnWAqXpD0rU1Qz6bMfiRuP4YIZdQyq1ab03AKuCpB2IOPGuudAp0Mw9KiwY21M5Q06QcsAhJghhAvvfHt2PPs6KFWvWpvmMi9TS5/9AtUQRfU/mEWHxvhE3Hj9UmnWYlUqFGIhhqQ7i+09x7xhzmPCdbyRUikBToLVaCdZVnIGpf90A7bx3xof9MuiUq+UzbVEqOVcehXK6oTUBbcyT+mBc70+vk6oo5Wsa5zFBqbW1FQhn0k7Kuq3a/tFkmF5e8YZKa69LPCyQWAJ+8WOO5zN1Kmk1HLFV0ieAOMavJ+FHfKVG0Zhq61IFIUyE7FixWSd9jH8cJcylTLUqlGrl9L1Qt2PqUKx4G3bE/KzlKFo5FqlMtTRn0Aa4FlB2nDPwpS86vSpMHALWZEDQwBKyGtBjCqnnWpgrSepTDqFqANAeO8cYO6L1apSpVRTdVeaRRoPmghj/6ZG0gwZ3BjCZpWuzPR8zVbM06jVfMCA0lQhULfiQxbTEena+M9rrUaFQOK1NVbRT//AB6vxgyZFriMF9Nza5umcvmfO/afMGmtrJ76abU94kkSBaZwF4ioPT0ZcJXV/qq0apLKXAgOhXcaRc8fbCkF+KOvtnsvRHlua9KTUZF9GmLmRMXCniL4S5bw7mnVXXL1SpIH0NN9rEXn2nGv8HV6eVy+fr06Ttp0LTJI9JYXESQQCQZuYxrc9ksw+QSq2YKeXlzpBYIHJUHUzASDAERtfDP6WvHurZJqdfy6lJqJIUlWBkCLsB23MYAdidyTFhPb+Q9sb7wl4Zr55Kmcr5ligDUyZZ6rKo9QE2iNt/jC/wAadNy2WFIU6YYnWG1OfMMbFo9Nww2w/PrScveMrWphQAfqgH2gifziPz+2KQME+QbMUIViY3CmNwCd4++JZbIvUJ0xYE3IUGLxLGJiYHtjLSukvpnQxJsp4n8r4ln8pUpNFRWVjeCpHvg/P16lJWyrSPUHYOAIJCtsP4yZB4wurVyyKGZ2ILfUZAB3jmSd8auRFBwZnszTcUwlEJoQKxB1a25YyNzgTH2MquSm4XzACFnTrgwGsQA0QGtO8xgjO9Rq1G8yo7PVhRrJ9UDYCMDis+g0wzaC2orJ06ttWnaYtODujdBrZhXqUwopUyBUqOwVKYiZbmIHAOKjceDOrZQVXerURapoQxCBqbQOWqSTUJMnaSIvGHnUfF9agRRajpq6EFNnQaNZAkKtMkwZAAkx+mPHq9iUDBlBIDAEBoO8G/54Z5bqtSlUpVS5qMh1AVCW2iN/j9MUx711SvmUSktII7sQGY6vTYmdIH0kiJJESN8ZXK9OOSyTvm6lMK6OGQU5PmMSbMvqJJ34sNowR4R68M09OpWzKhmstGmNMNJjzG3awJAsBPNjhT4+6zRr0SXDkMzrTDaVhkaPToMmb2bCVnA/+jdcoKqgkuXUinrK6hp3KkaQAATq3MAbC+o8136nS82jTpoaOYRf3gNRvVS+oLYAhbAGY3iIx5d07qNdKy1aZq1cylUKaZV9IRRCBipHMiD2xssqlTNVqVRsqMvWqmoGqlmYF6cyP+2wMDmDhOiz2H8aeIqtKu9Kg9RRTASWqFrzJN732ueMZPrFJ62VbMVDWdkqKgchTSBY31N9U3EcXHfGo6d4eoVauaSrmA9VanoKNJIO/Jkajpje3vjCdT6jUKGgDpSfUokBmBsWB59/YYaST4XNTGkQZY8Ya+CMiKubSmy1WsxApEB9QFjLWgG5wDT6bWakay0nNJd3AsP878YqyGcqUXFSm5RxMMpgid7jEnbV6aaplsyhrvUZ/NJAUoFc1HUwQTuI7gYW53qeZZqVQ1KqlZWnVNiOGGsD5nnvhp4f8VhabitoNUaRSrNSDMomWLsCGa2wwT4z6jRqZGitDMtV01HeojJpZXYkyogQsk2ki4xq5WZsbbwZ0vMf/UFkpK0JSOksQxVB6gD9LEMJJF/tJMo5dh01FqkVaZSmop1SUaJhVJWSzGwtvwMK/Cr52rUzPlZun5X7v95/6v7zQs6S8RbSDII+DjP9HavmMpV8yvUdMsXdjTIFQqNYISbSWDEm0i2JafnWtzniHL9PopTprNRkJp5en6lkmdZIkgE+5O9seZeKeq0quYzb1aKvUqKgpNSqHRTdQAWIgap5BG495w2zPhUrVp5hay1KVZNVKq9Q09NWJCs6iAQQY22jfEukeEgldP8AqH01S2hlZTqIuduTuB7/AGwpGYoZXN1csaiq75egWkyNNOYZoEydwTAMTgzwdQOYqCi/mGlIYpTfTqeQFLb7TuBOAs7UFMVUo12NGoVPly6zM/UpgMVCgExuQLxijp7VaZqMlMakABLL66ZNgUmGV/cXGJ00e9RpUsrmsxTrUUrLqASp6tKBl3gEFiJF+6mInGXzTKXbSIWTAvb88GdWy1UM7Vm/eArqDMGYhhYyCbACI4ti89Ab9i/bPNTSH0Gn+IXiZ2nmO18LQnGLaFdkJIMT7A/xGK8cBxFXMrCFjeDaJIIBG3tFsX5XNVKasadQqtQFGQMbqd5HuLTgIHjGn6BkaKPl2zIDU6jMzU1nVADBSzA2Gq5G8DFk1L6Z8EO3Cbm5MD2vJxxAWIABJJAA7k8Y258MB8rl81TWnTVjUDH1EaQXIY6jJYgQBHAxnOs5rL1KeXSjS0VUUrVaCNbavS0TvyfmOMXElbvwh0A08nmDmlWmCqnUWIZQASIZDIkxf/BgOjJTSofNUuuhtIMwGixIX3x694GyRXIvSzKMQRBgmp5ikROmLHiLxbHnPXAFqNToVKutWqjyAkLRpkzcnckXMbYLDz/STP05zGWqtTC12UaSSrkwRYjiI9wcOPEfW9WZp5fz6VBMufN83USHCgqUG3rdGmL7WkkgYXwlnDSNeotNHIQadVJqgL8JKkadXc/8svFvTiMqa2YolczVdSoVxopqTto1EmR+VuxxCwp8UdRpNWq/sjVEUtAWdQqLB1PqJkGYAQCIvIwoq5rUCKksyhUQsxlUWfSBER8/bnG88JeHqWWQVc81DW9I1aVKo63CiQrEj07iwnb2Ixh83mqdRyBRRFLs37uSQstCqW2UBo2vpBwGg8OeKmo0P2Vqasp1qrE/TMyCLhhJMXxmmijWGjTU0kQGWVNtis33xavTXFEVmUhGfQhMQzC5BvIt3EHGg8A9AOarmsyAUaROsIQDq0kqFDSDeDfAGZjqSLlqFOpQamyVFqVjRpJAX/7e+5IgEH39pReLutU8zVL0lZEP4CFAEAAEae/IxvvGWfqrl0yAKrmK6ID6VmoCdJBKyAT3xjvEmapLSfLJlzQamRqBVWNR1sT5kytrwCf63UkWf6fMqrVqVGR6aKxNFy0EhZV9P0m8LfvjWf6X5s1i5d3pvV9AKAEEqahI+khQEIjaI+Med+FtHn6HfStRWpmP+79NwMek+AAUoK1BNLCpV1Kw7HRDGDoiN4PPvjLXwD/qr4bFOmtQ5lzSDSKTes6jAd9TG/wfgRjFddasDllfMu9QU1ZVf0iiGM0xJO5QKxm4kDjG/wDEnVWrai6JpoRPm+uHj0gU10q7M1hqJEAmLRjz7q4NQmrUfU7kkkRJPc/5sMVDrwXlMrSptms55dSk2ulTBBP7xQGupg39Q+R7g4eeGOvVKtJkXpy+grUVwdCaHaRrZzJW5upMCbcHzfPZfy9CtctTSpY2AqKrpxvpIJ+cP+i5w0+nPUL1QUrGjS0N6QXVakOpsUBRm+WPc4aY+8So9So9BMhFUOXHkzUhGg3FOQdje0TtyVGa6HVp0fOYKUDBagDgvSYyAHUE6Z2HPcC086FmF85aVWrUWhUaKml2W5BCuQpglWINwRbBDIaGSq0m+qtWUGNilAsAR7GoX/8A1XEtCiqwLEqukcLJMD5N8RxJkZWhlIMbEXuLWPsccakRuMFOs51um+QpZQZdVdHLtVtLfVtaZMwZPH5VdPzrUWo+ahekpFTQTupnabCd/e04VKkg3vwIN8HUc0jK5reZUfRopeqy2gTPA7YRGyH+oaqyU6eVVqK1Cyq5BeGmVkyBub3xm/EdWjUcNTpCi5eszw2qnd5UKV/2qbwAN44wkogFlDHSsiTEwObYJ6u9I1D5CuKQAA1mWJ5YxYSeMXTHovhU1GrVlyiLWoo9OKjVnX0kXWTuurUTaMZ+v1hcnV8unl6P7QlWrrrazVVg+oaQCAIAP/x9zirwVkajpU01Qkqd2In2tvPbCTqXTzScKYjj7YaY9B/0uGWbLVaOYlUFcOGLFUYhFAQnYmATB3GEH+qGfVs5Up0XBpaKY9NwSsmxO0TsLWwf4O6xlaWRztOs6eYzFqaMCSx0KFIgG+ofbGEQSx9U73POB9O8hl08jzaeZc5zV+7pU0YvGzEsONJOBaislGolTWGNQPBACloIaZGqR7GPbFfRepVKDF6baHGzgDV8SePbFmcz71VY1KpYliwB7sZJEWF8SqW16zOxZjJP/H8AMFZDP1KRUCo6oGDMoJAa4mRsducE5Bsucu6uGbMsyrS2CCeTxgF001GWqLqwVrgkQbxG5tvgjTZDNZetnKzZw1Q7ECiad2DyAn0TcWiJGJ+K+luMx5SszgKxQ1IJANmLyJ1ajufbGWzDotWaerQCCtyDaNjuL874meo1DVap5jyZuzFjB4lpJxdGh8DdBWo9V2zHlVaDKaYGky0+loaxXUAI98ajovWqqeYnpp1Xd0qN6ShZQxeCCPVLKwH/ALsedU8hW0iq1NwryQ5srcm53+PbDfw112nT1Ua666NUgt3psLB1jaxgn4PEGKeeKnq1FXQrmko1PUCQjsIXUSNzaJJOFNLOUwDSo0g5qUwtQvH1Tcq24X7jDzxNnqhoUkQiqlMMEQfRVESAdMfvlWG8s/UPUsxfH1Mqy5w0KQ80M0U9VxUpsJDkqPpKHVI2E9sCrOuoWFDRdnylGVAkkIGWfsiD8sE+BOn5ur5nkKj0dVNa1N9DIy3M6HBuokhhBHBxCjXpftT1Af3VGjVCDn0qaaLubljMneCdsKuhGsCWpapQoWCkgETABA3BJiOZOJA+yGt8/WWjTo0qNGpU1utKn6aauyj1OphmAgARyYhTEDSqVc1RFZSKK0w48wCDRVRLX7qqqO3p2M4D691CzZeipCu8tBlnc7htNmdjBgTAChbbmZCjFLyalRQ9T928uWdUUemlTRSTMmSbLMKfpwWM4maNpj0agAwBaGmZJFyO5242w36f1FWTympUmAOoMVOscRKkWv8AoMBdXzQq1v3VFaYBIUKPW17Fzy/Fttr74EqOxdixOqTM95vbi+KilWIMgwcE5yhoVQyOtTc6hFjsR/nfAy4KzmbqViGqOWKrAmNh8fxwAuPpxIIeMc0HAOuhdc8kfTqHImJHaffAPUc4a1QvAUE2W9h8+2K8nRktqB+kEXA+qNO/F5xLp+TNWpoD01IvNRtKkyBAMG95+AcBPqQp+nQH1+rzJACb+nRztvPOCaXk0zSqeS7qUbWKjgKz7ejyxIA39Rv7YC6hSK1WUlTDEErdbHcRuO2OUKXGoC/4rYorRZtOLaIWOSf4YghAkne1vv8ApgmnVpeXVBRvNZl8sg+hV/ECDef8+YBspV8sklFeVIhxIvz8jFIHc40fhHPU0raa4midYeIBuhG8Tv25wqp5lqdTzEIBAIU6QQREGQwgmD2wAdKmSdiQILRuBycWpRLM5pq5RZMkSVXgsRYY1fROv5ZfJWpQYJTRlIRV9RYQWJ3PeDbGYp1igdabOFeQRMBlGwaNz/fAajNZ1anSUpnMAmnHo9IMgwFPMAXB/jjHeSb7WE77/EYspEqCwjtf+mJESVKxsDDd4v8AbAXdOzTpKEgoYkSNhcQSCJB27X98Ocn4jqO+l3IpgQAgXVzILxqIJJMGRJvOE1DKsXggBjeNoAEkx8YPaEmnTTW5MSPmPTySfsMZ9aslnZvRyuTNKpTJqKzzDFUVgLaRCooI+q5HPbAyZilll0nL1QwkoC2k/wC01GdFvUiVsAFBMXM4ZZDolLyzTrV6lKrchXQHRG59Lcj33xm87napQolVnpqNANgCp9RIB9WkkH+0kY1Z/KksrXdB8O53M0aYp16WWoVNbBaIadQC/W/1sxFiS5nT8DGQ8VdE/Y6z0vNDlSIIG4izdt5Eb2xPp3ibN0Vp00r1FpU3LIF02JBBvEkQTY2vtiunmkYKzsTUBkljq1+o+1rd5784kAWXqsAiikpMk7NqcMIgwZI7AYHzCGTIIkkxe0/N/wA740/U62WGh6ZOtWEcjy42N7EG1otGM2TNgDbCbVskVBDBMGBEngTtOJ0F5JFuCbnEqOZKLCwDqVpiT6ZgXsRJmCDsMQenChpF5tyMVHNeLKIB3YDmTP8AIHFJGJKvPGCJq0YKy1MCXDFSBYD3wMqA+388MxWQ5codIqBw2qDqcXBAtFp2JA++CpUkWmrtUoioKlMGk2o/uzP1W3PGk9xgDMm4i5gb3v8Alt7YnkMs1QsodAEVn/eOFEDcCfxHsN8DFuxwEkWDcX7Yll6WogWEtEnYfOO5KNVycMKZCEipTIdCQF06Wn/unthRChkHYhEpF2kGQW9Q7dgPfBnU+i1jUJGXYXlqakuyDt/uM77Y1HhbKvmFharUBBAKWfiTO4Fxt74dVvDKUAKi1KjtJ1nkzz+mx74z+sntr87fTzHOU0AGn0kSCDP+e2BynpNwIiBFz8QPznG16hWpV2CuQQZ+VZSwiTcagNpsYxmOpAiq+qB6psB+QCiNu2NSy9M2YTsLHGx8PeGaeurVesK1Gho0uoHl1WZZ0+oz6CRP+AA+HPDj5uv5QYIqgNUYQYWfwxYsZj8+0Y2Xi/M06FAZOiPLpovY3je8XYnc4nLonbz3OMKbNoJ0zaSZKg2H+dsX9BzKHMUy9QoqzdQC2riNQI3PbjHFos6+XBkxpHedsQpdE0O6VyacRHsTtbkHGZcau8mpzuXXLxnUzAqshUwdc1JIBBklRYyIA2GMPn+oO9Z6hBXzGLRxBOwxtOmdLWllgrKGFViWVvaIIi4PuMVN4Q81Sx85NFpYBkAO0ekEg4strNn1jR5ldwqpLQSAoAJgSfmwnA6kEqNhYE787wPbjDrrPhyrQHmBlemPxoYI+RuMJqaSQCQoJAk7D3McDGkF9XoU6b6adXzFgGbWPa1v+cD5dXLfuwxMXgEnifp4nH2fphajqKi1ACfWn0t7jFtFStPzErhXLaTTBYNpidUi0TaMAMw0kggSJH3xHFhpknFlGmNok/wwVQFJG2JLPAxu+kvlRkypUeYZA7zhRS6dYnTYRfFCCmH2ixwZl8uIbUGDxa4iI5ETP3GHaJoE+UBO0j+GDadYIwqPRpVR5bghjABIs1pIYRG3P3xKRjf2c25kY7l7T6QbHcTHvfn3w0zlOo0MqiAIn/cZ2A3m/wCmF9OkytLIwgwZG0zFj3g/kcBynAuDO4wwyFMErOx3GKDlGJ20+lmM2MDVJje2k/4Rhn0bKVC6roYA2PEgX53/AK4lWY0vRaDpmwtNwhaiwQPdZBSbd7tjSZ3JtVpilUzFQOikvURStM7ckFT23kfOMN1qjUpVqdanU1h6jlVNiFWREx+IGeL35OH9fN0FVaj0Kj1CsqCC63uD6pj4tGPPy5yX29Xj4zlxZnrgy9NiJ8xy9NgVkkiPVPAuB95+cVddqIdJUQCJwbm6Y1ZpvKV0arRpgCQVTUYa3qlrD5n4Krq1ACmnrvpiDM+j0xGkEEkHccTN8b8XUcfJJtbv/TfLCnl/PYXquT/4JIH/AMtR/LA3W6uXzDlA+ljJ1aSwPzyB74k+aC5LKquyrKzYtKA3v/3343+MLPC1JWd7+pp7WSxJ/O2OlrlgOhl1SqmgGQ318W2+L4sz+Sapmg9Q69ieLAflp4H3w7zQp6gqCSYExOxtHO+O0tJZlA2CzAvudjN/0xmXW/g/KKlRWQgC37tidIUi4vt23xmetdYqedK1jDqFqAelGCm0AmTYzwbkRh31RQlJgOAqmJ3P98Ybq41NTEgEk77WxpOPbQrmA4hhNoPuNsYbrmVFOsyL9Fivwf6GR9saqi18Z/xQQKgAIJCgHYkGT/I41rIPp2XpvUpLUc0kYkNUIkAew/IffAhiTFxi3K1BdWIgqYJEwfbsffGi8FUunFKhz2vVqGjTrAiL/RzMb9xgFmejWYbVNyY03Nzttcn8sfZ2mgfSoaAFnVEhh9W3E4hlqhU6oBiCJuB847m3lyS2skyTtPf7zjQvYaCFWCASJEx+uH6ZWqtEO8IGAKqTGsf7t8Z/K1dN94vpO0/bDEuHCs8nTa5JvM/G8n4xA1/afMTQ6zU9IpwwAAm8j3745+xEhlGnVySe24GKq2U8opqputQAMAwlXQgQIMEQdXztaLndFy+tS2ok3AuBtGCBK3TzpPmmIjaOLjfFL5JCY1kixJJJNpA/ITGGeY6ezapB0hiLf7Tcb3j3x9SyoOshCWJU/YyLT23+57YoGoZOm22rVo0gwCCCf+4/r740vhDpuuoFYurLBJsIA22J5574imVU0TLkAyFERHp227z+mNF0F1Wj5hmXFyd4Wxufcn9MBZV6aPMIUh6TrpZGH0xbWhFgYgEEccXxa/RVAA0ggf5tg/I1ZUHk7+2CdWMXx8b21x8nLj0zn/QFKupQDXEn8Vpi47EyPfGZ8f8AhuMv5wu6QGiLreWgKL7E+049HqWE4QdVr+Z5lPewUrE2YGee0/rjXHx8Z0xy523284bOLUy2WTSSUBTSDF5Iv76Qp+Dh0WWnllQKEZl9QXbe0nc27n4GEXTumsK9RNY/dFiEZgpqspgIO5OC+rdRZC9MkwdIa0ao5E7CZiOMc+f8acovDreIiI/zfBOc6tSp1mQVBOkX4nt8zjJ9V6wAQE3A+w/vhFWzBJljJi5OJx4tXk3fU+qioVANhG/+4mJkXIGEnVqZaoi8C/8An5friec6TXyi0nrhQtRSyw0kRBhrWMEbSPfFXX82UdVRlI0hgykGVO0wTB7qbjG0ly6JWsA0yYA574TZ7p9Wo9SoqErMz9sfU6jH1NJxsemeKKNPLlComIj7YRGHolzRenKhFIeCBJbaAd9sQqMhoKNTCormBpGnQRJOrcnVwcRzVYs7MLAnbEa1EQpDq0i4vKnsQR77ixv2xUH10iRNu3zf+uCaKJpYkGR9MT77/nP2xZmogkCNjb34/SMW5HNFQStjEd7EQf0xpQT5VlIFRWQtpb1KRKHZgIuDe/thvlcxFE0iiELULiQLyFBE7kR78/kJXz1So+qpU1lVCCY1KiRA2Ai57mxwT08nzVil5hv6YJ1D/BgD85UqNW/eltarpYE6oEbAkmAAcNvDdVDOoykiQBcRv+kWxn1lmYhDCsdSqD6RtftB79sH9CzKKKq62mwAKiD9+IEYiNPXX1Iy2Ez87cfmfvgmnkgCxU72vMbAG3/j/HCvpebDOABEbjcAExF+L4YtmgsAmTsPkm36YoGzQ1E0ydPpb6YgHULbRJA/XGrShFIKoB0KBcwLC9++/wCeMXnswX8woNJRdYPHH57E4ZZnOVGoOlLS1RxTanBtGoE3O3p74zbm0k2yNF06qFQaydUmfz/znFlfqaJJKnYm25A7DnCXo3SK7qGqVtIn6UEzB/3H+QwTmOgM6mm5BViJIkEqOIFpxx/08l+O348c+6JzfVgouIB5n/J+RacLOlVhUrVBqAZiCvcjSoO9psft+hGd8PmoPLNRlTup9Z7SSOPeeNsZej0Ovl8wHNVWp02LTrAdgomCu4nbtBxZz8ks2ekvHx2XO31WgtLqGuopvdTIhX0m5BEmbQbXM9hjz3xN1JnqldTem0kkzHAnYCdsb/rtDXDVVOsA6oMhQTCxsYkzfHn/AIlQl9W1xbg2/p/HHXl7uuXwm1bwfn3xNRIxblUBkTG1/wA8V2m3AviAnN5mpUCCpUdxTGlQzFtI7CTYfGPspmvLdXCq0HY3B+2JCkppqysS5J1JBsBsQeZwLXeeI4wwXDNk1HYAAOTbgewxzNxqYiBdYF5uLxx/yMD09wME5Nrk8nb+cDbFgoVhNxOIk4lU34xHAP6NSRBvAEfAxPM0agPmNTKpUJCtp0oSO0Wi36HA9XK1EBNT0OQCFazMGkggdsXZvqFR6dOm7lqaXCWH2mN/czE4qqFZWqAMyosH1EH3N4kkzbBXTuqtSqrVpwpAIg3B4vPfFHiJKXnv+zMWpekqW3+kMRt3n8sT6B1daOYFapRWqLkoYAluQIi3aO+AajxAQXKj11p86QCt9isG1iRfH2Urkql/pBiANt7mJMHvxjOZjNK1Z2ChFZmOldlBkwPYbYY5LMqEMhpsQ3aN4iJt/CMBrKNPyvLbUVaoGOl1YGFIi5EEGQRiL5kamuZLCfYSNvy3HfFC9RqZgRWcNoB07KeLzHPfAlGv6TqMg+kE7yP5XwQ5F2b/ANgFve5H8MOvCOWlVSO8R8mZ/jhHlasy0qdcjTyOdRja+Nl4QobvGyx9zH9DjHL3ca+afU0j2GCU74pIti7F1hGql5wl6tRIctwwUGDB3jDy98C9RTUoHuNvz/lheljJZtJD0RAmCxN9wR97xvjyzxNRI3BkQDe1idhFrfwx6x1dQLgSxG9rnaT8HHm3iDLgtUsWElyAeAL8cxvhKuMxlLTYEXgGfccYq0XP5YnRWA0cED+PfElS3tih30paKZepWGY0V0IVKREiopifvv8AEe+E2boroWp5oLuz6qYVgU7MWjSdUmw2jFZU++J1ssVbSwIa3pvPxHFr4oregyN61ZTGoBgQSp2MRsRftj6tLMxtJkmAFHewEAfAw5TOinTY1Jq1HEHU02iwm8gCLYSVqhY6jue9/wCOIiVRVAUggyDK3lYtcwBfcROKlBOwJ+MSLR7H55wV0vqtegSaFUoSIJAFxMxcd8FEVXd7sWfSACTqJVbACdgoJgfOLPrAA3ngd4j9eMBsDII5gfntiyjXKGGBF7HkH4Pvig7qWTSmlIqz+Y2rzVZfSl/TpI3ETg3rXSqNKkrB5YgiCSQ1txp2MxE274XVqrOZL612NrxwYF95mPbvgGtRMwsse39O/wBvbAHUalJGVAwqIfUFZQpDhgVDMBJDLKngTPAx3rvUxXzHmU6C0pgFBeSNyY3Jwur05WZB0gAmIkHaw5DagZ7DD2r0iEpVBUphqi6i2v0gx8WazT2kdsQco54K5Ui5+rSbAEwVU9gfnY4ooVj5mmPxbfpOBgiCqac6gHKllukAwdJXce43+MPM508CpTNJ5doUhTI4HHBGKGXh+sQ52IIAG1zMXm0Y9P8ADaEUZMSzE24G0fmDjyr9mKVdDWYaYm45PHzj1HoCsMrS76Bf5nGJ2t6NwcXjAPm2wWr4S+2EjijMCVOJtU3+2KqjyrfBxRkvFDrpUbGdxzed/njGG6iBsH0MyspabaSNj7HbtjQ+Kc2JWTwf0jGG6nWLC5kR+m4xOLdLqeUUU6rGoAVIgR9Rvt+uJ5Fl9TugI9IC3tO7C9yAJgm88Y6MlUqAimjP6TUcKJ0qJEnt3jFPTcurCqXqlCFBpiJWoxMRq4tjaJZfMIjElFqAbBiynYwQVNiCQY9hgeq5Yy0ltyTzhh1HqBq5ejQWii+VqJdRdp5JP69zhYGgxYxaRiiFUG5v74pIxa+5xxkIgnm4nePjeD3xBOlnKi1PMDfvL+ogHcQbEEGxjbBmVydfO1G8miGqRqZV0ooUQsgSOY/PEM1lUFClUQuWcuGkQixeASN49zOB6mYWFhdLBQpKmNUckRvtfnnEQ36NlDUqLpcIAbsfw3/ufti3NUqFDPsuZb9rpKZZqR065WRs0WMTB4PxhRqNobsLW/X5OJUaepoUSfe0ff8AK+KqzMOZNRLqWYi5Nj+E7GQLHaYkc4fBsj/04gLU/bSxZHAa0MIEghYCQO/MWEZ5KbISViRY8gjseD8iO+CMpAbaJIIuNwbETyORyCe9w+yNEVNSgfhMnmSA0b/TI1CL7zgjpX72nVpiZKl02+pRdfuIP/jg3OVprGqECXCgKIhkNh8zYd7cGcQopTp1EqBCqs+tGJ9Ohg2pDNja39sAJmejvQq0kYqzVKYYqCLEydJiZEAfN/Y4adFzalQhEMDKOghgd4Mi4+b++BOqIruaa0gtQ6CjMx1G30jUYg7x+XbFNanUSn+7WpCXY6TtIkyLqvABA73JsGhztdWqa6jTAGrSRI4BM/a364KyfW6mXJRHNnB03AYibHkg2xjH6i7VC7fWQVabSSCJPaD/AC2wbQ80mqlmNMS4DKdiFkNNyeNMnGbFj0jO+LaOsQr6rahAtYHk3+3vjtHxnudJIm0kbcz7+2PPjkKuk1CHIG5sdtwDIuOREjEslU1IgaqqKZYaiRyV3Cmfp5xw5S27K3JI9TyviWlUcIGc2LfTYRe/P8sL+r9bYMwUkKYPwo/z9cYI1mpPGqQRGpSCCCGiGBNjB/LA/Veok2mbWxvhLe0uRPrmf1GO0xfvhNpZrGCvLC8WJie/tiOddWYgSNQBWeNj9xuPywIK5CRJ9R42tF49+/tjrIxaPyWadKheWVHDo2lypKxJB03j7Y5lkYpqCBhsQAA4tx+KIIMkdxi7JofLqghVDojDUksZMelt1kSfcD3x2jky61ACi+Whe7QWYEemnH1MBx/24oFWmjoy2VlJIZpBKgEaYmAeZucBPQ02Bk8jt3+cEFkZdyD3/wB3zzP2xNqoBcUmdVlhLGDpMQG0GImTgBMxc7Rtb3/vi3quYd9KO4fy/SpmYS0KDyBB45O9oIz48qpUpq6VQQo1KAQRZvQWuPt74DqAsR6RYAGIUkCZJmZb3wAhwRls4FQr5VNpYNqZSXEAiAZHpO8dwME5qrQFCiKYbzgXaszARMjRoM7RuCN8LicRBaT3jtj4apt/Gf1/pipXO0/0xYgY8Cx7C/3+2Ko3L1JhWA7bDfve84KpoSI1AA2F/q+8iD7fbFWQUPUGpiASZHf2gm3+fGC6qotRlUkr+d/t78/1wHUzDBdLU3GkBXNzCxAabSOCZFgDNzJ2aeMuGWCQxUlzIIbgq1jFyD7jbAYzZA8tmsLSD3O0+53G38r6cCmFF1NrmY3mZ9jF+d8EVdQI8xahZl1aNbC5VS0EKCbPH297nFdZHq1avlk3sHHoL05EeYEgSBvaD9hjnUyVhQzaWWCJFzpEbmZlT3ud+cB5fMaNBUu5FzNinsO4jf5i2CpnpYWr6odYYiJ4McgW9/Y4hk+i1qlXyqdKWMlQDfSCbztHvi+vU1HU06AIQSWgX9IJMiN423sNsNcrmjQdXo19LrqALJIK27tfUDtBiBe9oEH/AFCvQFSixZfV60b/AHbT7GOcE0hU8lG9Ip6KgJYwpghoBE+uTb3IHN1/Vs49SvUep62ZjO4vtaPYAbHB+WXy3ak8EaWmGQrsN7gEHbVwR84mLqnJVmc6TUsANOqQoAm5KzpidzYXvG8M1Qqq5Uidr95sIgX+cW0MqyhjTYhGkAzEagAUYixBFrSDbDPKLTUwAR6VPlElkDxdh+KQbgWuB3GLIhM1GHVfxCBvYQWDbb/PscUZnKMBrIAUFQRIDX9UhSZi+8RhlnWUFQCSQ+y2GoxFoEHn4GL+qsGq6mQU6YsEU6kSB82YgfTxijnSEPlLa8iTyFk9/bj3OK87m9SAFaYuTvqYjgCYAF+xvOJHMKy6YYtGlOTpbgxyB98U5XpRLxOlgTZo+w323wH1dU0fu61mILJpAJImCQZ7nnFWTWiuo1CxMAqggq57E8c/EYoqrpdrx6rEduMU06WrU2oCN/eewxR9XYeYGAMA/T2A/D8RziObqhjrChQSfTqmI/znFNQDfviDNOIPmIxA4mwMe14t+d/tiBOIi5cWZanJiQN7sYGK9QkHb4/vieoREX4OKrrOPcff/BgnL1psSfkgGO/xgKokfGPkA5NsA5J1EEOrG4KkEfy/znE+nZgLVQVGK05AZgNUDuRyZ4OFIqAXBYTxOLaVTUe1vq5+DgH+aq0mZvKYvSDQNS+rexgcX4xVl6VMrUDMqOokCCS5HAI2sTv/ACwN0ZPX5lOqFdCCIiZ+DuMRq19bM1jUltXYkneP4diMBKtDgLqChZ0oAIBIMmY5Bvh903pL1suXLqqUlMEnSQDew+e+M9mdQX1CxAmIO19vt+uPvPsVJcARIWLnAfZjpyVPWrimo+snURq1EGCJH/G/cTM5MU20syuFMCGAMbgxIJ34/tgs5lqRDKLEWvG/fEXC1XFjcepw30/piBq3V5p06ZoaFVSNQTTqYBZPyb223wH1Ji51UwVBAgcm1iSd4/vvgWvlmV4FR2Cm2pd9vxAkce2LDVO4W4gEiD7xeecUF5bNFIQOKasoOphqAMyCAEJBm87+/GKeoVGLMGqhtThmU+lQSBJAIAtGkn4+9CZoBW1E6H9LKDBY3I4P0mDxvHJiYoeYtWohXTTCs4ZvUQYnTqu17+04CVamNIcGGW5sY5JsLjf+GBmzbFNUyQInYjfY4G/ajeNjxv8Az2xPNhqbRUpMushyhXRY7aQR9PGKLuqZhKi0/Lp6GRdLnUSarb6j2Mcf2wFoXRMkuYgAWHfVzO23fHK9RdUrqAmQpMwfn7AT7YravaMQdrIARfFKRqEzpkTG8cxiSoYLdsdZVC3Da9WxsumPzn+WCPs04mFZioJjV8m4HEiPvOKcfE47iKt0n5+McVu35Y+2xxG7/wB8UTZzBE2O4+MVXxcKbaSwBKixMGB7HjEJ5OA47ThxTOXGWEH99uTB77dowkxNKnGAuV+Yj398SpZmIHAJP574GDHHQ+Ae5GrSJdqnm6dDadEStT8JM/h3wAKsf5/XFNKuV2+/YjEKzzttii131XInnkfwwWlJxSNQDQjAbGSY2574XCi3lmpbQHCbidRBP0zMQN9sWNmaj09Or92nEgbnsbm/bEF9DNqSQxeNJ0hYnVxMi4wKarA3sfuP0xGkxpsrCCRDDkffBdZTVYubTxgB61dnCekekaQVUAm8+o8m/PtgvK5VWik7ClVd4LVRpRUCyCW3BJtERtivN5VVUFXMxJBBF52H2vP/ABgU1i7g1GLcS0n++AlURRpIabDVaBPYHke+GtGvUz1YDMZgLpptDsBACgkC0C5t98J8y51H1BrC+9jBiSBcbH4OLul5LzXVWcUkMhqrA6EsTePe33wFFIg/Va364gcXZbJvUnTBA3PGCOiZSk9YJmKvlUwGLMBLWBhQI3JgYgBB3xflss9V1RA1RzwASYH9BiCUGYMyqSq7nsMSyGeqUqgqUn0OLAgDbaIIg/fAc6jlvLqvT1B9BjUAwn7MAQRtBG4xTh8csM05qQ0tdibl25NrAe2FPUMqablDxgIgjaI2xXGLjz8YpbFEnUjnfHApiYscRGLuBgimMRjFib4gMB8fjHS2Pm2GO0ecRUqYH9sWaNRaBAB2JAifnFK844+KOHH2PsfYg+XDahXUhRYATeLn5vhRi6hgg6vUEYVk4vzGKBgq2rlmVVYizbYlRzTqrID6W3Fscr8fAwZ4iQKyhQAOwED8PAwAuSzr0p0GzbgicVms0kzJIi+K8Sf/AD8sBOnmHVSoYhW3HBxDzDp0zaZj3iMd4/8AL+WIYBz0HxBUyobylWXQo5YapvuAdjGFeZrmo5dySTittsH+IEC5qqFAADNAAgC/bAf/2Q==');
INSERT INTO `photographer` (`id`, `active`, `user_id`, `business`, `description`, `buisness_logo_url`) VALUES (10, 1, 20, 'Hannah Photography', 'Wedding specialist', 'data:image/png;base64,iVBORw0KGgoAAAANSUhEUgAAARMAAAC3CAMAAAAGjUrGAAAAY1BMVEX///9/f397e3t5eXn6+vrs7OyBgYGLi4uFhYX29vZ2dnb5+fmDg4OSkpLMzMympqbX19efn5/g4OCOjo7w8PDj4+Ourq69vb3FxcWampq7u7uzs7Pa2tqjo6PS0tLKyspubm6EZSeDAAASvElEQVR4nO2d6YKqOgyApVCWArJvCsy8/1Pe7k1RZnQGda6HnD9zFKF8pEmapuVw2GWXXXbZZZdddtlll1122WWXXXbZZZdddtlll39doqguj72RuYle3aRXiYc/2jShtz8Gn8SFQggK2r6sX93Cp8tYhC5CKKZ/Rn2CnIUg16+y+Z9SmLogAoPH/xsV7hIK40LcM35xQ58ndaUUQzA5RNk1KBRLUL62pU+TOtV9xVOfDRfdR0r/ypY+T8D9ayZNuMIE/RNQPohzyeTQKlCI2l4LyvzCtj5J6tS5xqSRpFA7d4PliPzxha19jqwwiVyjFl45AF1C6Qtb+xxZYXIIJIEj/9/sm4Pc84ua+jRZYyItr2Ry6GH3effes8ZkspkYo0s/q17S0ufJGpN2wQSD3kPe3PdYTGLz+ZKJNwFFGbyr53oXuVVPDh2wKOl7j5JvZjICJsF7DwZvZlKD45LmFU19mkQrTE5LJipiYeK/N5O6us6kc5dMgJF13jtngINbmRT/PJOPi74DFerfZDIvmcQgaHtze3IzE4x2Jksmx38nPlljMjoLJhmMY997WmONSenbTGpwHJpe0tSnya16cgLTG+7HS5r6NLlRT2CizXHfu+vcqCd5Ao5CxYva+ixZ1RPABGcOFP+9I7bv9SQ/NOfQmuFxs9e19jnyDRNnCF17nhQF751kOyyYgM9L31mR/GVtfZZYTLruJKVr15gcvz/n/10sJgjIdSLozUMTLsfk+s2vyD+ApCzuAYLCd/fClEhG1mpvrgmZ3ns4TKXJ/HuIoODty3Fwu2ZGrxMh2XvPcx0OUXuHjlB4wSQsyRuHa3V6WdiIbBHlwoS4YTqdRmlIuvetssCOXaLmoiRIBy5FRqU9n099P89lg2ujGd4Yvm+JEq4QVI/03I+4rqOYy9qPvGOB3ndKNALDXDfob/GvOM8cgsjbjnQiM5+Hkn49YxZFcRRFuMn78xAwH4XeN0fQ6hpGcjZE6qbMZ6gHOEFsFMisrHDapH1bp5MbUyLHLjHuszQIfccdwHHW2JDpVPuS5j5DYl1c74pBP+5SJLNGVuewmSD/jVMEHyowEYXzXg/c8joT/62DWLXgQOTe4wnGbqtMqrf1wUwalS0J2IOPBxdGb2tM3nzaT5VDi57TE1J1/vdM3ns+R9Vf8Uro0k3LQ/Ov64knb1RM+E5DpOe2/mEmcvlWyAL6ho/odiaCCRrYUO/EvcnORDLhK3BEYA+ZrMSxf5KJRwdjm5Q3KCad+QgwcWB6ZCsmm7XdPuu5CBI/3CK4fj6TfqrCxDn9/ATXpZETDhuE1151YTgeyyQWyys3X/CTi8H9JotYZWgPavQgk+3tiXT+m6deFJNhNS94u6gVbGYAA5kE4MhtmDQySvY3ni3r1Thtg5GYjO2R6eDPYbL18nXFxN3gvHoMqDvPY5nk+hTbJulUse4WnTKWCwmMokAmsE5pGyazOke6QccHoguYt5hdUQYFqQoBiwlo+MZMkm1jFM1ki0KyRjFRPgYyQcASbsPELNXeNlGnmYRb6N9ZQxEm+7FM1NU2jlC8QevfFg6tVjuboKRtYs+q5UOg5GabnNJJM9l0vgwU/29SJWQmM5CbZu0E9QQ0fGMmaNONHyLduI3ql2drthjOpoOFbpDJL4IA3e+3nR7SIcVmNYfWHhVQ4MMETIIf28d4eIyemA6/WTDYhCtUwJo2w8T9uXmM9LpKKzfza/kwU96bBcgYbnwDFcW0XDP5zd1EptA03TKQ7R7AhJIOrm7B5uoYXDFBv1nnNhr0mzIxm7GgbMPz1tnVGj+kqgckE/RzY0JlNuC3LHEy4cnWWYimDa/oiisnQhkT5Abdrx7D2WAPNgzuvfBRTOh9n8JlaR9CrtOy5uMgqabfbnsJ1pqGG2ZQGvI4JtRZzpOs7ZMytVSmmm1A9vub8MCeGVsyKR/KhLZ7Ifyzjc4N199uyaQ3ff5/t40RfjyTTe3UM2R0HsME7Iv2v2OSQyYb1vVszQTjb08SNRs9U2tgtV2ywBu2ZVKHYfrd+OXkBO0mGnl+FBPnB0zqes0a98RB5Otxe5QiGrXcrOr1eqPaxzCxtoC6lck5TYv2NOMrYHgzSXf5hREsrnVbTO9NVTqd+/zq0cVjmFibIN/IhOoCC0+J6wzn5Y79oplfDv9FzgndNmhju3nT2JeQpOgvVCt7DBOrTLW6iQnAiNwk7WBTZULjy31xpfe/aX7aJDIomXDoLXXxoI5vyAS6s9v0JA7s8S6xqo8kL2guvPLYw6ym2sEPTt3hvD9euTi2F2ajT6sgxLM2+n4Qk/AWJu0iBYBg8YdK2oE0Zh4kCDnAwihPZxInUcvGiumFh46WW77bffJRTGbrqjfEDUdnIS5sjJ6/1a6nE1XDJuto7kRdrU55BczlfhbtMtdgB6vY+no7JtZTJ98n7mE4jQI2Lg1hH1dJOzRIJfgg7sRMlskhq3pRPU0VBW7AIwK0UFNgTKiFYj8brCNKK8G5HZPzOpOouXSAUQqMXtBQL4OsdurIUhaEHB3SxvyGQ3UIVjlU2em8iYQN/51rl481cN/uAVcXExZfMWl+EepnK0yac0C7eLCEb28YxraZQwX0qZqJqBqeXRqqCNdGVCM1E5lCTV3aI/jclX2qGqwqRBPvlciuW+tW+k7dpz5CyY+L3KxVNIbJh0gbosXUILQ+1ELkaNlOzYT3lShg222XHIJWAsOEW4cTYYaT9zlb5U4ACaXH/uvaj6i3mGjzW6ZCf76OHL8QuLurZhIXSittba3BHhUsvGAdD1lXNqOyiqXBEJtaFPGMnuyLjLeY2e59/BIi1KtAZ4UdI8EH3gEXoaDV7zWTTu+RcFu4dSGxFQBIJjVFklxjAvZQY7UAcXHBxEyMJKxD8MydqBExe65p1aS6xACxTiWcLpjE90Dczi7BdyFeMJmuMTnT2O53TLBlpgSTxidZowIryATDeADLXmAzAVUEeS1n+4X70I4HRBUpu4Mi1klE4Grh7o+hJ9ePETtWyC6Z1MVnOqoZjupn0yS11SU5k54vbuyvMDlbRk/OriDLWYCJ1o6awIQZTYHXJHvN4/XHUPSpSybQv7EjuHUh1k3GcEgvmOCQrVU9ypsafqYn5YWe9MRlZNSWt2BqOoaHNqqdyLJ7QJUCXxbbLJmAx5tIfyTMMGACZhNEvFtcMrGG9Ny+5YnLtFYy+ekU3rzUE2oD+IOXegJ78BFk+Ln6cPtsM6ktPyYi/NSxmdgu1Gcfjb4hzQU4HXLU57WZWLt/Mya57/J2/ZJJbukJqmdXRtjZJRMQ8rrsgYoBms3kYOlzwu1TuGBiuVBRjyOHBNpfw9v1zQE2k8Vq3BmHSJSgygf90/rQRfuaBCX1VSYexstJVKFKCyZWmkdsjbss/86tMh1uoqW70kxMTYyc2BfPw2Zi7/AWNtTz5/CmjPXH17Jfq2IPctsCyQGtmmHTPXx0KxCc8Oc/fcuEF63WiwXXMYaXFO+V6RZPAIzWuUONxbW/YpKe9CXU1vkqIorRXWsJ7LDH10X3kaKvmEC/J6yJrPqETPKh7C6PIxYTTI5Wag9fYQLiIBHqSRMEmZyy3H5PGtJllcOCSU7QPQtxbCamfFD5I8Ukgs9EhAntJZOJtJCJ6ArYZtJ9ztDmiCSK3VMj6FDYM4ql1kImNLBZvDtOxQ2qQA+pTXcydA8T62UWDqhU7RYu3qrb43enq/8Nk8hFLXRk3KkvmQxkhCGqKHkcLHtSLmITnbMBTEbihIvdEdXzK1UMLplQn3UXk8o+rX5rlGq2YkKVYgisg3SVvmEyE9TDwEJ4AZtJHZASvpLpBC8nzwWcNQ9FdcYFGVN5Qn5mM3GVSdXrvhv9PO95l9xCT7QdVGGG+oCqo3sc1KNlLdPBHmDCdDQCpxO5ANuejD5pQPAhR0GSiXzSA1J3K+5Tmxedg2F5nGSxi6ZOnGrT56nni4o7Ilps64keg2n1k2Fs7lK9lQrOTQ4owtRMaLzg49icUfaL0WLSI+SBsYwcdVpMolAk1ZgwNTHzBL5ueEm9wSIxrF/4pJ6zJBjdWYBrv+LS1PiprJ86Gb18pfjzZfegMFAzmRGbwgDlcQJobjHJUOiBNx6Q8ZLJSG2t+EBYTZOoRrrhZ+R2ln8wtdgqS6s+oV3nrpoDa6QL1mWoG1MD/IoFQDO/OW6uGnZdf8EkQwyhUQLpByx7EofsU1BWHl0yoaokTQov7GZDikRcS9tYL6HWwtITM3kyqzdUTgrffav6LCYgsFGPRqp2KUoZ+FiVBRSsG5FjZsds9PmwezJTMlJPFBNuTWlHmmGwkxwumHgFVbdYP2k6dHaSObSZHKlKRpchExdlraT5psOE+2rXIRNYuaXuSyZR6cCQGVa+79rgHdjAgnbfzmaSiYwZiGRzyEQ0bEIszQ8ctvhtB5g0iN3NLKHSiJbtoDpZsX00IDJbKSUw+6w+lqH9iO7cLh8ycU2n05kmcTZqtYQDaEKqCx8fAXJDer9iFw9lhHIVj/TaGwu983zDpAm5RpsQQM6h9oBJ6/IuQx07qkYasBO2EEjERyo3yjIzVpqNGE1Q8Z0KAM/Iue8VjPh6IehRP0dxu0Sh9roAEUIC0Sv4lJTsITSGkPqr0wUqKBAdkTNpkVjC0y/soBy6MCalLz+ss9AlxE17cxJ5m6PIQgAmoBbb1Kzzg6PkroBtwQSENTqAEM6P9gpdE1/nXXfE4Nc8d8itsrLuZ3nD6v8ivGCaViNZTRApOyiZyIVQ7Bct0ku28LHrVJEFt5xyb4gK8YJ0wwTOHeiRobg8Nfl3VmqbmA2qic4PC9PN0q7X48CR323DfuGalVaRmOrUTAR4ei4a1JhXrvLKcx17Cm70F7TLXF+TwJ8TC2vZq8T5jJqJB+A8t85+CIM9IHTnPI+nbTdM/3r25lm0R66tE6C3xg6K6WnAG3brj6xKwA51HX/GLes5+rPyPIS+GcPXvFjBx1Tz0cokJ+up9P4oEiQslV4zavkVHbVwJtTCkntnBLUzh6fVJpAzadAXzqwcXISCgJBksR6qLj8MZd6b0owg6/1LHp6N+vElP3Soi9ZnquaKIDf1CUnFz/TKDivHqHsUe44xBXj3wjpPFJO41ml1Qpydj9U7fLF4Nx6nKkyz+es+2/mshA19Va+JB6ZzVlHGUqJjEYRpm6vWCMOF7AoRvcCZ2TmmNPfPrZcB9XmksAO9DPQd+vc363ri1YI/I/icBlX3NTh6x8H0zR1E8BTRwNpe2YH7EegJDYHdn6zTjfq2XTakVK5yok9vo3dxe+vb6d5xyOIHedv2iweiO37QtM7vVkzZouaLQ9rLyZYrnZ4gKmZMKtdxN3yBXKR7pVv973ad7xOZoXLD82ZawoQaeSZV/5ulaS+SpuA7ovvnzbfWjMZy/J+tSdDileW4Xa/Z5W6J8rHUq2GZl8C6b9V5af4cmZRXvqLSmELxmB4EdNEzh0X0G+WF4IU8dnlv/Etmn42E5CYeDc+ABsr/z4HrnGVTO5GRU3uSlNR7tdrNnqg3UCNVOuhHlUllfZjpaRaOpmqFac/iSHGh0mfFTXfH6w+UOsyaoy/yEQ2PwhM5gqmdcMw+ZYBfz2OR5LlsOPaDuSUqyOk/2zH4lF9NaTMHSONKXV3lV1X4GFb8m4ZtSRenIkaPBxq2BvdlRB4rUXhmAbP422G3GcrhxJkOnb3KhNmtbxSDpSFSObMQBWlMR2aS0DSwpJsa9WDi65mDNGXVQRxd459YXkulnD/73P1LG3ozJjgUkwSRf8ZNHYi9tCLe5A+z6Uvrazz8qR4/xVcjHyg0EtiUlnmqd57qnaNOmKXDAaei/p8yqTFWTA5VkP6wUO0xEgXB4CS5/Nvx6T/JpGIdqTGjY8CEqxKWg6bRH70sHeTy8wzRwaF66HGR4kAt6EjDwpeZhCb0Ez/R49scZhr/gER0XKoioSjM5mMeWEzMRpqAic9TsLKII3cYk0D2kSodU50GwxSwLlVKw0FdqEmyfJ4DPeZP0Z+KI7k9UX/zQuVK9R22NvnDzLIAJinrOx+fgkLJkwGTnIeuBvqFdkLk1LXq5QmpmZxo/I7luTSTIvxLnpgyMU2NEsZH6snhRN2oF5jWAiY9yQ9xpb5KqR2mT178hzKJiDEUbJmSXPedmjE+t7GxtieHc/V3mfiQyaEiQwLy3JlhEhdkCHVGsURh4SjtD6jfyWSwMXLf3sv5CshE+GKdtjz/rReSCt2Qf4fM1Omm4sJNQB6mNTs+HuoCJSYwy0OVPBS/zmVyWzgtLLtSYHLmdcD6zmT05G8xOeRgZMWXR2L9QTTC4LKGeSr7q8YkKpuSbX0h6EU5v1WZWczBL/iamdrUzr7tq4t22WWXXXbZZZdddtlll1122WWXXXbZZZd3kP8AwbDj9WY/mzMAAAAASUVORK5CYII=');

COMMIT;


-- -----------------------------------------------------
-- Data for table `contract`
-- -----------------------------------------------------
START TRANSACTION;
USE `photographerforme`;
INSERT INTO `contract` (`id`, `title`, `description`, `location`, `event_start`, `event_end`, `photos_deliver_by`, `user_id`, `closed`) VALUES (1, 'Basic Display', '30 min session', 'Woodland Park city center out front', '2021-12-13 16:00:00', '2021-12-13 16:30:00', '2021-12-17 16:01:00', 1, 0);
INSERT INTO `contract` (`id`, `title`, `description`, `location`, `event_start`, `event_end`, `photos_deliver_by`, `user_id`, `closed`) VALUES (2, 'Mckellen Family', 'Hour session  ', 'Garden of the gods', '2022-04-05 14:00:00', '2022-04-05 18:00:00', '2022-04-12 19:00:00', 5, 1);
INSERT INTO `contract` (`id`, `title`, `description`, `location`, `event_start`, `event_end`, `photos_deliver_by`, `user_id`, `closed`) VALUES (3, 'Home Coming', 'Early morning return from deployment', 'AFB Buckley', '2022-02-11  03:30:00', '2022-02-11 05:00:00', '2022-02-15 16:00:00', 9, 1);
INSERT INTO `contract` (`id`, `title`, `description`, `location`, `event_start`, `event_end`, `photos_deliver_by`, `user_id`, `closed`) VALUES (4, 'Wedding', '8 hours of photo coverage', 'Spires Ranch', '2022-05-27 12:00:00', '2022-05-27 20:00:00', '2022-06-20 23:59:00', 13, 0);
INSERT INTO `contract` (`id`, `title`, `description`, `location`, `event_start`, `event_end`, `photos_deliver_by`, `user_id`, `closed`) VALUES (5, 'Model Call Photoshoot', 'Start your modeling career', 'Studio', '2022-07-16 13:30:00', '2022-07-16 14:00:00', '2022-07-24 23:59:00', 17, 0);

COMMIT;


-- -----------------------------------------------------
-- Data for table `contract_has_photographer`
-- -----------------------------------------------------
START TRANSACTION;
USE `photographerforme`;
INSERT INTO `contract_has_photographer` (`contract_id`, `photographer_id`, `rating`, `comment`, `price`) VALUES (1, 1, 3, '3 out of 5 meh', 250);
INSERT INTO `contract_has_photographer` (`contract_id`, `photographer_id`, `rating`, `comment`, `price`) VALUES (2, 3, 4, 'Our family had wonderful time!', 450);
INSERT INTO `contract_has_photographer` (`contract_id`, `photographer_id`, `rating`, `comment`, `price`) VALUES (3, 5, 5, 'Best pictures captured in a long time', 375);
INSERT INTO `contract_has_photographer` (`contract_id`, `photographer_id`, `rating`, `comment`, `price`) VALUES (4, 2, 4, 'Our wedding\'s moments captured forever!', 625);
INSERT INTO `contract_has_photographer` (`contract_id`, `photographer_id`, `rating`, `comment`, `price`) VALUES (5, 4, 3, 'The start of my career, thank you so much', 285);

COMMIT;


-- -----------------------------------------------------
-- Data for table `payment`
-- -----------------------------------------------------
START TRANSACTION;
USE `photographerforme`;
INSERT INTO `payment` (`id`, `contract_has_photographer_contract_id`, `contract_has_photographer_photographer_id`, `payment_date`, `amount`) VALUES (1, 1, 1, '2021-12-11 16:10:00', 200.75);
INSERT INTO `payment` (`id`, `contract_has_photographer_contract_id`, `contract_has_photographer_photographer_id`, `payment_date`, `amount`) VALUES (2, 2, 3, '2021-12-11 16:10:00', 350.00);
INSERT INTO `payment` (`id`, `contract_has_photographer_contract_id`, `contract_has_photographer_photographer_id`, `payment_date`, `amount`) VALUES (3, 3, 5, '2021-12-11 16:10:00', 425.25);
INSERT INTO `payment` (`id`, `contract_has_photographer_contract_id`, `contract_has_photographer_photographer_id`, `payment_date`, `amount`) VALUES (4, 4, 2, '2021-12-11 16:10:00', 175.50);
INSERT INTO `payment` (`id`, `contract_has_photographer_contract_id`, `contract_has_photographer_photographer_id`, `payment_date`, `amount`) VALUES (5, 5, 4, '2021-12-11 16:10:00', 125.75);
INSERT INTO `payment` (`id`, `contract_has_photographer_contract_id`, `contract_has_photographer_photographer_id`, `payment_date`, `amount`) VALUES (6, 2, 3, '2022-01-11 14:00:00', 300.50);
INSERT INTO `payment` (`id`, `contract_has_photographer_contract_id`, `contract_has_photographer_photographer_id`, `payment_date`, `amount`) VALUES (7, 3, 5, '2022-02-21 16:00:00', 343.25);
INSERT INTO `payment` (`id`, `contract_has_photographer_contract_id`, `contract_has_photographer_photographer_id`, `payment_date`, `amount`) VALUES (8, 4, 2, '2022-02-06 17:00:00', 225.50);
INSERT INTO `payment` (`id`, `contract_has_photographer_contract_id`, `contract_has_photographer_photographer_id`, `payment_date`, `amount`) VALUES (9, 5, 4, '2022-03-06 11:00:00', 125.25);

COMMIT;


-- -----------------------------------------------------
-- Data for table `gallery`
-- -----------------------------------------------------
START TRANSACTION;
USE `photographerforme`;
INSERT INTO `gallery` (`id`, `title`, `photographer_id`, `description`) VALUES (1, 'Basic Display', 1, 'A collections of photos taken');
INSERT INTO `gallery` (`id`, `title`, `photographer_id`, `description`) VALUES (2, 'Wedding', 2, 'Life\'s embrace');
INSERT INTO `gallery` (`id`, `title`, `photographer_id`, `description`) VALUES (3, 'Mckellen Family', 3, 'Mckellen family');
INSERT INTO `gallery` (`id`, `title`, `photographer_id`, `description`) VALUES (4, 'Model Call Photoshoot', 4, 'Model Shots');
INSERT INTO `gallery` (`id`, `title`, `photographer_id`, `description`) VALUES (5, 'Home Coming', 5, 'Welcome Back');

COMMIT;


-- -----------------------------------------------------
-- Data for table `image`
-- -----------------------------------------------------
START TRANSACTION;
USE `photographerforme`;
INSERT INTO `image` (`id`, `url_link`, `upload_date`, `title`) VALUES (1, 'data:image/jpeg;base64,/9j/4AAQSkZJRgABAQAAAQABAAD/2wCEAAoHCBUVFBcVFRUYGBcZGiAdGhoZGyEcHBsaIRkaIh0aGiAcICwjGiArHRkaJDUlKC0vMjIyGiM4PTgxPCwxMi8BCwsLDw4PHRERHTEpIygvMTMxMTMxMTExMTMxMjExMzExMTExMTExMTExMTExMTExMTExMTExMTExMTExMTExMf/AABEIALcBEwMBIgACEQEDEQH/xAAbAAACAwEBAQAAAAAAAAAAAAAFBgMEBwACAf/EAEIQAAIBAgQEBAMFBgUDAwUAAAECEQADBBIhMQVBUWEGEyJxMoGRQlKhscEUI2LR4fAHFXKC8TOSohZDs0RTY4Oy/8QAGgEAAwEBAQEAAAAAAAAAAAAAAgMEAQUABv/EACwRAAICAQQBAwMDBQEAAAAAAAECABEDBBIhMUETIlEyYXGBsfAUI5Gh4QX/2gAMAwEAAhEDEQA/AM0vW8hgn6V2F+LSflvTrwXwkjr+9dcx5bj5dfcirV3wG4Oey6Zo+EyDO2gA061JzX3jyhihaAzag77kVJxi/nNtRplESedNDeEcWiD92pcSYB1PfoaAvYC5hdUjpprP8qSQb3HxCO7bU7w/wvzGNtiFJBKsebDYCpkvOLiW3zSCF10Ig6ivKcXNoWnRVJt/DO89T1qe9xM4i6lx1y3DALDbtpypTljd9TBxGPj+MNzDpbt2zIYs8DdVMTHt+VMHgfO4DmMgj8q+eEcK/wAdyJUnK0akHcN2plvhLQi2qqOYEADvUKruAvwYTDmfeJ3kCzrlPMcjyrsNiGdAwMxpvVS5cZ1gjSq2ALI2URr9KoGWnvwYNQ9h8QwBkVYTHIffvQe7jsvbkar3i0E6HmKq/qCgpZmwHuFcbdJIhoFD5ukn1c9z+lDbmMJEnWNhVTD49y3qJFT5GDe4nn8wwoEbsLf0g78zUzXZE7GaCpfzKwBnuPyr7mOWc5000/WmJmaq7gFRDLYmYmoMSgjMdOtV0fSSZqfzQF9UxThku90GpEjqGkc/7ipVv66a1VexmJZCZ5/8VXtPcBIJ12OkCP1rEJJnqhH9uZdFGZjyqKxibgzEgeZlmCdvcVBxEsLea3GeYP8AMULwF/PcRnVrl1dx1306CN9dNKL1CHCkwglixGPCorgsVaXEzP5QfTUHFrg+AfENwPwNGFIAmMvWdI96WsQ5LswM66HqK6C49/EjzZhjF1M74k95GuZRJII7jXcd6ppi7jBSoOkAzzI3k8qcvEPDvMuJcU5Z1zDr7VFb4ZAa4y5ba6j7zdWNc7LjKNtIuX4XTKgY/wAMCP4gvWz5eXIRsCJ5aV9W5bxTMLg8q6REjSRRR/FGHtljctsBBCuVnMw5flQR/EOGvoTetQ+sZeY7nlQ+nQsTSAZSbBLaBDHMoaAe0xp86tFgXCrp6SPw0qvZRHCFWAUCMp5AnrU/7PkYsGDFRBAM+1e2kwl4FSlgcKjXB5rHQmANyZ5mmDDeHLWYuQInbeqBw9oAlvjgxyynmaMcG4Ni7q/u5tIT6nvA5mEfZXkK1P7vIPUSQDcrcZ9YZbSEAaDkCe00p/5PfZgYVepLjT6Ga1W34Ks5Iu3bjtuSIX5ADYUF454JS3ba5ZvEsBOW5BmBoJ5GmJpVUk/M9wYh/wCS4s/CARyIdYPt6q6q12JP7xV7Tt2rqb6Cwahfhl+7bhjpMxbJg9i0mQOelH8PxZtAzKgO4HpJHYmCR3P9aSkvPs11gv3QSNO0HQj6VbwtkFSQZG8kwxP8U9Ndp5VlSoGaNgOOqPjKwNRr/cnXvV7H8KsYwSUAMasCQR79dI5VmFu+FKhSJX4Z1CmD6mjc9B/Oi+C8RMoKqzEn7oBJ95BCjsAa93wZjKD1B/FvC37OWck5Nlke3WNdRpA3qDDJbUAwdIM9x1HKm/B+KiV8tkYhicxujRp30gkryiBoN6AeIMMlq4Llsjy7oIKnZD0BkypjQzuCOVT5sXF2YG0jqFcDxqAMplT3o5hOMhrbKVOYbk86y79pFswrZuw6008Iz3XtqhJa4QpP3V5k+wBPyqM6cqAF8zwYeY42cQGEIGGs68xzjtUljA3A05HI+LYg/wDFGsFhrdpRbQExHqJ9R7k8tjpVm5nC6EHYgbTr/wA1WNACBuPP2ii8Xi0sS6sD0bTT2qBMUM2+g5UetXlvA27lt1DTBzZl0OhVh8J+lLvEuFHDuYYtmmCeY6HuKRn0jJ7rsQlcXPaNba4wkgnWht5RqocnXnv71Rxz3UBYRm2gdKG4fibazodoP51NsbsGM3DqOmElEAQz1mrWHSAeebeNvc0u4HHXM0A8udF/8wa3oB6CJOk686bj75gEGXOHYgiVOqzoT+lEnvrGpn+Eb/OhFjHLcAhZnTSp0JC+oa8o3jvTAxAgwiL69ADArnuKy6nbpQlHURPwn+9amvBShZS0duX9K0MTNqdexwfS3OXaY5ivvAcKEdrhBMA+qeXtzquLC6ZdIMn3qyjEaMBHvVGMchqmsDt4hLiWPUplXXNv2FCq8tiQDpE17S6CYJBrpjMqACczJpMmUluvgTy1oXLcMPhMigGIxq3HZLgcqugVSddOfamiyFnp296D8YwptB7ltM7EbDc9qRqiHG5O47Ro+IlHHfR+8GYjh2Gu2xZvORbt+pEzahjJJnfmfxqReD8MCDS1APXtWbcV4q2Iun915TD44J9XuOsUIxZIMCal9IntpduAXgR3402GV/LtxCgEMp09jUnCrSLluuWAiFb7MjtzFAPCXC7l9s+RWto3qGaCY5VoeLwty4620QW7fIxIFSanIEGxTZvmYchZaqW+FLa0xFxQYP7vT4uReOgOg7g9KKYnxAogDUmlrH4tVYgt+7tjKPZRH6UMs+I8PPptXXjmBAH11/CqcA2JtWPXEqgbo4vxgnalvxDx/KpUkSdPY96uYW9burNsmejcuxoJ4k4OXtll+KnKxhMoA4meYp/W2rDXlt8q6oHYgkERHeuqi5HUsYfEjYqSD3Ij2/kat2bmh8s+6nQ/gdfevn/p26EzE25+4GOcabERlmOU1UTEFRlYDTaRqD2O4NK3A9Sgoy/UJdGIzAgb8xsa821T7YYDnClj9SRX2yHuHVQTyP2vqpB+tMOD4FcIEsfahbIq9wkxM8q8LvWkkWy4zb5mIA+Q+GizLbNhjfclHEWyI0uCDOmhEQpPcVas+HVFu9cYAFbLkE8mCkgn5ikNnuXAoe4zZZyyZCyZMDlNLZg4gZT6ftngOVJCCWJ09q0z/DwtaS7euD1eWAoGpkk79PhH1NIeAwQSXAzGm/wrjzN1QNIXfrJn86EP7hXiIT3Go5W+KLINyddVABBBIkiNp2HeDRLB8RtspVriHlBJkdJJPqpXu3yRB1FQDC2jMpqeYJB/CmjP8yw6TjiOTYry2AcSGjKVURsJ15a8q+eKHX9kd/uZSCTH2gCNex+dKOIxQS2VYllUaZiW6dTrVjx1iwnDwqkL5txRA5qAWI7agUZcOhk2TEUIuAr2NDFSpkRrJr0l62tslrQZxrzHPeRr8tRSXh8YQQsnevbcYZSSvqk69RB0EbCNKkx4juuEhW7M0Cz4uRIzWH5SQAu/udt9zRC9i0YZlIKMNVNwZtegaZ9gRQPwo7X7bh7bDMNHIgfKd6LDwteIlcTlOwkE6dxMU+h1HEDuQW8etsnK6gfejXuvY1bHHw6nKZP4/OlzF4a5mu2Lhl7UMWWYcExmyxC8hPavfCMMTbMsECkTI3HSaiyKEJ5iSvMYsPxDOYKctVPbczVxrwVZEJHcAT013qimUKGEKo3I0kdKUvFvETcOVHhRrA2JncxvsdKbhx3zCCgcxsv4pRnJuEk/LY6AfWqA43mkI4B10OvLqOfakjC4hsgDljHLXXXc19tcQme2g12NV7KhBh1HOzi5QgGX7gjUc/pUjY9AFKuCTM/Lcdo6dqTVxHqyeYwY6KqREnaIOtX8BigSxJhx6CpEkvHWNdZ/GhYQ1MdMHxm2dJOgnrtz/Gji3Q69ZEiDHLSstsY5RnOfTaJgj30ldfajuA8QHyv3bJoNBmg7aQDGntWAkGC6BhweYseLcOf2pnCBc0BoMkuNyemhX+5oTY4c125kBAjcmm/irpibaXBOZDDSIBmIiRDRMTS1f4fcuYhbdr4zqdY9NaSKinWhzGzg/CLdm3mViJ+Jhz70Xt4/9262rgJCEgxLDQ6jrQfjLtbtkB8mRIVB9o85qpwhUVbbi5FxozANrBOoA69K4pQ5MnqX56igeanjgvDLt/CvfJcqxi1m0ZxJzMRJ0nSexobgOC4gO+a3dObRQpK5TPxA5gPwNO//AKwwgi22ZQAAoVSYEbHSBQhvFDqzQP3RPpJEEDv2rrkgciXhWPDeJd4Twa5aYNcufIxJ9yAJori1WIO1Lr8ZO8zNesNjmuH1bchWKwEJkPmUm8G2mJaW1JO46+1dTAuK711Fv+8D0x8Rfu20YAMxBEH3OknY6+1BPElm2SIEE6nuO9WuK402vVoelLr8QNx8zRWIhu43NkWtscPDXDstuSPY9aJvxF0bJbsNcbqYAHehHBeO2wqoeQ50wJdxGIyphLQIJBZ2IC5Z/I845bTQ7CW6hF1Cd8Qd4svXreDU3GWLtwKwEgKuUsF31kqfpSha+EPBCE5c8HKWj4QdiY5b1ueA4RcRpY2mAggZCfVzifh5gMOu3KjyNpqAPyp4wEjmcrNkVnsG5gF2zcuQfKuhBAB8toPzimjgXA8RazPcw7omQnOxUSZGVcpbMD7jlWs552NBfEOJAtXDMhAMwHz/AKfWvDTheZmNveJmjcZ/eC26FdYB5E9Nf0mrD8TtW3yu0HpqT+FesDeS6zOVURqBAzTO5/vnUPF7eHNxTcQaj4gdQeQPalMgvkTsKTXE+Y8i5bJQyOsH9astiEKm3i7rrb2RF1DARLEEb7QascGwVouLey3CASIkliAD760Y43/hxbvyy4m8jwAuYKyCP4Qqn/y51qoSvHUl1GQLwe6imnCOFH1Libq9QQI//mlPgWBUYl1uDNkJyk/C2ujdwRB+dGOMeEsXg3Adc6NoLlvVD2M6qex+RNWuGcNuK4FxGtsFKw4idssTvsBXhYsGT4AC0Z+H447bRRj/ADe3bUG42pMKqiWJ7D9dqQ8RgsW7fuyQPvhoA/2gCfmaYcBwO3icMBeLM9smWQwW943Gm1Cq1LMlHxGHGYe3eT9oA1RSG2kqGVokSJBSN9JaqtzAoDmGDutOxzSvzAP6UPuY62cFfw9mbZS05GU5SMoLRyImI+ZqHw9xjEXcOClxs6elljMdBoY3gj9a1whG4i/0krI11B/iO9cUMPLa0oUhQVI3J9WvOKzo3MrtLFo1k86ePEuJxl5cl21czLJEqYI6zEba0iYzDOsqVbNPqJB94NNx0BMYkgSRsSbnptmNAWMgfL+lVWuwAIjWohZYQRI718vpJ0B0jejBEAg9ywMVqhmGGk/rPar2JOW4jKXCH7ZhSSNGidhrp2pfLkN/Oj3DOC4nEFcoMDZ2mI5AZuleYTUY9T5jr9s3CE+EiJYgmecmBpNfeEv5bjMAwBk5p15QIgmadbP+HauM1y6xaPVljfrqQOn0qviPAmQjLfIH2Q9tgZ7mWEabis4IqbyGudw24XGW2Fa2xh0n4CRMpMnQk/SgvFOItYxaNbHqEiTrAorb4Hcw1zNcEsQWnNKHprpBnr1pf4soYrcOhJ/WgoHgzch4hBuNgoTcbzLrt6lj4V6e9Cb+MAb0oFgys8oqNgUuI6sFB0zESB1NW8DgLmLdhat3LoB/9tCVB7mIHzNK9EKbWTsKMIcJ4I94ebZt22VYzPdcgBtCfwYGpeK4kgoouWnIiRafOIjWRy+tdi+GNhx5eLUhmgpZFzSNRnuhDHsJk89Br8uG2tqEVRPIDT+tEx6udDFbLunzMIjlOnYHlV3D3MtV1TMARpzry7xpNLqPuGf21eldQjXrXVk2ReILRJZGBBBgg6UoYrCMhlZK1tPiiyHGYIkkw3pHT2nQ/nWfY3AMT6BMnRR1PKnox6ES6h1vqBeA3F8xc0fPaeU1rnhbFrbZXAOQgr6dRMhtJP8AFr3pP4P4VQg52VnB9WXULscpI2PbftWh4DCqAqBQAIJgfh866GPTEHc3x1Obkz+3YPmMSYoHYEe+/wCFS+d0qiraz+Fe1ejKCTXLD3wvsT9D/KqlzDobd0j1B1IPfcGoTcBU9GP07/rQTj2Ju5bSW5VLbgvDGWOsBo+zm5e1A2P4jMbXEk4UBRdQGHABAJG066bMNRz5iq+I4dnlgWCxJnWSebGNfwqDi3EXwt0i2P3FwllB+wxPrUfPWOpNV73HLl0C2BoSBlXUseQ0FROjA1OwmRSvMPeFJbF2dfRbbzGPZVYKPmzA/wC2tQvcYEkL9N2+grNeEcKv2nCFQGYAtr2mD2Ex7g0wXMLckhnOUb5fTOk8tTSzkK+0RT41c7jDd7jMkgkyOjDQd4Ij569qqYvEPcVrYtgiJJZtROxWQSW0nYax7UqYrHhbmUKAFIOnvv8AU1VHHnUlgTJIbXoWjTsIFbdwNgE9Y7FYi0oDIy51JQnTMOvY9uVSeF8VcI/6ot29mUglpnbQAH3zVeXiiYywcNchWIOR/uOPgb2nQ9Q5FJ+DxORiLiSykqw7gwR31rCBHoxbgxp8RWRatYm+jk+ajKDPVAojp9o6aUl+HONvZcEMQCBz2IiD8jH40T8R8Ya5ZybKoMAf32pNw7mRA+XzH9/OiQWDFZCVYTfuDcbbIM7ZpSR7hSfyBqHxHYt4yyQI8xfUmsAsOTQNZEr2zUk+HOIP5eXdrZDKeoHI+4/OjlgsjaSVPqTqVOoHvyPcGlMzKIa41LWOIi4nCi2yMbbFX1HqIjSdANO1U+IIMhZEaehGv4U6Y3iFtrmRlMTDKykZDy33Ec+9DuI+W0IkeogacpMVm+iI/wBKwYv+HOAG4+Zxty79K0pFt4a2CwzE7KYj8KIHh9pFi2AsDSKDcbwrXLeUk6DffWi9XnmTjGKoSPEeKgyZVASD0gbdqpW/EVwAw4I5qTIpWvN5b5XM9e46iqt3EwY+h/vcU3uBwsL4njVzOoJLWp26TyFUPEIUIpBkcqG28QfMVh94SDrOo60b8QJbNvOFkAkFV7yVInXcEEe3tXhwYDG1ML+AfD6YpfNvgeTbf0jbzHG4P8A/E6ciK1myilRbtrlRdIX0qOwCwOdIAuCxat2Leipbtoe7fE7fNiWJ6k0O4zxvFAlLN97Y0ACv/Dm06dNOtMFCJKEw5/iccOmHVLhBu5wyc2A5ktvBmIrMm4kDCqKL8VV3UF2Z7joBLnMToNSW31P1j3IC/wANa2obXKdD2O6ke499x1FYwvmGjFRVwi/FABANSYO09yW5dTS/aswc0TTJgseuTKOmvKp346lmI7u59ymurpHWuoI+aXjx5lvMo9LAkHp6ZB+oFDOB8KR0Nxl1MgctBofqZo01wgMqidWGn3ZIJHWOYqNVYiB6VG0c/wCVdHS4qaz4nLz5js2jzI8DZS0q20UADeNpP6zROwNaG3/QAdTDKdBJgMCYjtRC3xS1mDAuREH9249t1966DGQAS4jQTsK65eUKTIMb15biVsas5A6ZGJ+gE1Vx2NW5by25JJ0lSun+4TSgLPU8eJ9V5AA/46VBiEDTpod/cb1LYtQsmZ6CqmILBDyBiewmjcWJqHmLvG+DC6LiESrmQRujgaMP160L8L8AuWc1xwFuyVUjXKvNlPItsDuB0mnRHWJzgzsBUF0ZRqOvPnsB+JqUqCblauQKley4QomYyZg6nmSZPzNF2U5CN9KGcU4R5ltATDGDmUwZmYkUTwlg20Cli3vr+gmublA3kiXL9AmXcULC4wYayf8Aj5bV7uYVjYN0ISsamVMAnms5tzvEainbFcItPca443GvLXT+VB/ENvycNdSFEqFQLvB0M/7Z0M7fTFydCGcYIJuJNrFMjSDqNvw0o3iOGsWN3Yv6iORJ39taHcEwq3LihtB/QwKdUwzBQjxMaEbH2/uaNwasReJhdGI/ELRZGEcqXsETmEcv5bU6eIMKbctEqaS1JAbLvzPaaPGeIOccgiPXhS15hBEhQTOsEwIAMdd6blIW1cb7NoiT2ZmVh/3IG/8A2Gl3/DPClrdxtd9NNNuvM/yrROGcAUYV7VzU3c5uHu5MfRco+VCE3kiY2QKAYmY3CW7lu5cUHzMunqIViB6QwBHYUm2C6HM5BKkEAbaGfx9zTzYwrqxtFczAlGUCZjSY6Ea+1Vr3hR1uoCiBCwcjOCcgaWUASZjTp3pKq3IqVb07uELfE81sO6lD9pW3U94qxhry3AcpVh2M1a4hhEuISI9WrEcj3oTwvw+1ojLcOnXWdesz2oCvMwEVFTxjwplPmAemd+n9KXEQFfUCOU9Pl0rWON4cXLZQgGd6SOE4FkvXbYXMUOnyJE79qYmShXxAbHuIPzAWAwTjEW0ZWkspWdOczrvW54UWsQpS7aS4p19SCP8AbppB571nN3EkX1uH1ZNATqASPUAe0x9ac/DtwQIoxkNiA+EbTKvizgKqpuWCQRqbZMg/6SdQd49+VJNxy5VzPqAOgA/9qtO4wZQ1m0Bsw0lLpB32KKRp/vpiPuYiKZaQGEOChLi5YAcfiJLfmW6+24NrE8KV7bL9lhBjeDJkdes66iZ3ZF6ySuQgkGRBjYg8h+Hzpi4fxeTkuel5OpiGhoP+lpAOvX5hqnwYph5iDdwr2nZGElTHuORHYiD86idwNQKdPFeDEC6BqPS/sdVbsZOvWZ11NLuE4S99wiwB9pjy9gNWMA6DXSlMnuqUo42XA5xR611avhfDmHVFXyrbQIllBJ9zm1/vQbV1H6UX6xjHhrLEZQoDD5g7c96guWrnMCe1HsYgQZ1gGdeUz1+cUJuuHYjQEaaH9edVaduakmXkbpVCNoDUvlLpPUb+9R3UuCOYBqN8WBuR+VWREt3XWKUuPY5rlxLVu5la2Q5yk7wQo033JI7ijD40MYBAnTlSZxNDax10XAQr5XVuYUosOO0gg+x6UxBzzBMbsHxe4oAvW8w5spn5kR+VFrgR08xGleo1+tA8NcIUZoZSPSw2YVNhsSttiVOh+JYmhZfiZKS3GFwMzMQJ0mQOU/idKnxmKmOQH9iosYEW4XUDy37EHNuQZEH3qqUBzBTod5jpyipmEpU3zLZeBKrJPTeevT61fwuNOUZtDGo6HnQzguGu3CItkiSMzHKsgcidzpyqpxHFkOEBQHLmYEkZEOzMSANeQWTXM1GFi3tE6OHKm2mMOYnEKwK7zpFC+NYRblvKBttVfh1xXXNm1q+boG50GtRiwZSQBEvFWhakqD+7uoLmhEEgMJ7FSY661oGFthlAOs67/iDyNXuEWvPtuLiW2W4CHRtD5WgE/wAWnPbTY184hwxrAlATaAGpMldPtc9+ddbGlLR8zl5Mltx4g/iXCvNtlYnTf+fSshxXDHt3WtZdZ+g6962rC48nQ69+Y+u9U8VwfDXb3m3LQZwuhJYc9ZAOVvel+jR9sL17FMJ3gfDeXaUHReXfv7U7Wr4NKaKQYHL+9thRrASYowgQUIp23m4F4hxq2j3HtgBmMFuZCzH6n50I4pxh8ti4DAIZSf4gdP1+lChZN28tqYJfKe3qgn5CabzZFs27dtcqJvGpI6kxI5k/1qfErOWs8SjVZU04UAWYGfFHIrBCSw+Eelpk8iRInar+DxbFRmEHodx9K+OHZ3JCmG06j0KSJHcx8qC8VxFxNVAA61JkXa1CV48gdA1VYhnEXlmSaTeLWrpbFXbTMoUKbhXfISZM8h7cpNXvLuBRcuTJ2UznYbaD7IJgddaa/C3DMjM1yM7IM+krJLfu+4CwO81TiwNW5upDm1ihiiHkd/H4mTYa8yohAIVi0GdDB1InoRWn+FrsoPavHHf8OrTWpwrOjJLJbJzW9yxRZ1SSWiDEnap/DGG9CntWZk2sI3TZd6mEeKt6D7Vl3BcXONxFonRypX/UCv0kLWo8TtnIaw3EXDbx9wjcOY99xXsP1Gbm+gfmM5GmU6HMQf6k1eS0LlsNGpgHQASbv/FVuKiSl5fgbvPqzP8Anl5174Vfh4+9EaAmfMQ/LQVQRzEAyaziny+W37xGEAHVgGZhlM6OIA/v1CfA3LWFt5JzvqWywST3J00GXeeWgM11u2MzkH4UlddoF4bD2H1qPFYcy7KM0lgwg/ESiz9WB+Ve5mwta4wzCSE3I+EnYkbltdq6hSYy3y5knlzJP611e3GDQmsY61nQr10pUvMy5TBDgsD3AIAJ+YYew9qbb9B+IWGNwlRMga99o/D8adph77guxXHVf8g9rtxlBViteUwDN8bM34VNedbK57zR0VQWY+wG5qBOJvd/6VpkH37gGb5KJA+ddC/iQ2Z8xaW7QPlqvmRIJE5e/vVPxMnmYOzeYAvbjWNSvwus9QwDewNEBhCASZJIMk0t8X4++BuAFfMs3V9Vsn7ujEA6ahl+nOsfgBh4M1DZoylgOIlD+7V1B3AIKn/aQR+VGMPjTcOlzDrH/wCNmb5jQUO4Pw65imLWbZ8htVuXQU06bTc9wI705YHg9m18bm43/av/AGr+RJrM2qxKLvmMTC7eIPvcL89QrXsxGqwgWNPs6THuTXzhfhxLBJuXC7nW2jH0GNw3Vu20GYMGD9ziNtBChQOwApb4rxIXD5QzFmPpyCWBGzKBzH5TNc86oOwFSpdMyqZcx3FCcrW1JUMDkESjfA6R/pYkDqp6ilfEsgI/eXQWfMc1ozzhSzJqBBA/WqvEcdfs3Iu23TMPWVEZ8oMOk6DQCZ5CNYEym6/mIPNuB2J0u29B6ToSFXnPPnVIAiqgPA4g2TcRnGjGA2hidoI3FNXBma4BdjLbU6ZlLFyNSUQEExGnf2NV3x4uMqo1q6zgGcsuBEn0AnMQPairAWkDJb8pSyKzPGcqbighQD6AZJkkQfs1MNOgfdKWzsU2xswUlZl3B1ysYReUGBJPUQdZ2NXRlIPpTaDkM6HcERqKAYfFKEGfJsI80i2vbLbMlV6ZhmI2NErNwn1hUYAaG2Yb5dfaflTCJJFm+BbuumpynT/SRIP0I/Gp0uahtu/Y/wB/WiniXCqbYvqCGWA0qQSpPMEbgkfItQfCEH0feEr78x+teuF3CdlNTm5fiOtGcHG3T8QedBrXqUT8S6GiGCeR3Gn8qwzDE4W/K4qVjQXGYTzz22Yfi0UfLsz9Mx69xO2sQedCvGGFdsRZuW1LMy5THVGBBPTR9+1FMQhIX0ww0nQaEQYJ+vyqVH2MRXmN1WBs6K4PQ6/Er27g8y6u0OP/AI0/WpMQyoufICBvm6kT+XOg2Aut+23pEgrpGuuZY7AxG9GceiOoVoUkiRO55KOUEx9NN6fjxKGLEXz/AKnO1WpyFQimuAK65+8rcLwq5vOuas3wqdkXkB0P5ADqaY8AgmCd5Pz6mlf9qRLrWh6SGBmZhPLWTP8AsPOjHm54KyFGx2Ld43Hz1oszhTZmaPGzrtFUDyYR4nxi3hkZmDNlElUEnT3MD5mg/AeMWsUpu2rb21J1VwAZgEkZSRGv1mh/i3FC3hrkaEjKP9TaD85qLwVY8u1FQtm3+J28el2DcDGHiGqmsH8UpGMukb5wfnCn+Vbjj7npNYh4qacVcMc9+vpH8qLF9Z/E9mHsH5jF4dxC3rRtMdxocsw2wA/3OaqozW3ytoUOk9Z378qD+HcQbbSORDDWNf8AkU2cVwwuW1upGZQA2syBkXMfnIqirEmBl3h97Ozldza1AhfUCQY/7xXrHvlfOBDAmQTIYebdbmP4B9KC8Ax+S6pPQ6fRo16lAPnTjxOxbuCFWNIk666rMjca3D/tJ7V4CxNuALVm24DajtC8tP0r7VO/w18xjblvXUO0zbmyMZMz2qlxYutssozFehjTn/P61EMQUJklZ6pv851qzZxgOhMz/Dl/WixttIMY+IkfaKz38QTK4a0zffe5r9Mv61Naw2Iua3LgUfdt6D8yaN4K3cV7ikygPpzTv/KIqtjsU6MVzox5qJMac9NPYSe1dA51UWanPXEztSjmDHvi18a3I2UEGT1MUL4xhrd6/Y8xCyWyzkMumywrT3IMc4o9wjG3JJKBAx3eLc/6bY1HuxJplS6SKjya0OpVR+soXSnGwZuZQwGJzQa6/wAKtvdLtmMqPSCQJ66ak7c6tvh13UQe2x/rXq4MyyNxUAHgyktza8RZ41wIETadljdJnN7MdV/H5UN4SUtg5NNfUftE9DOvy/sNN9ioLbxvQHHYBbreZbYo5IBKn29UHQsB9RpI0Io0uZEbaw78zM+N3WweoVvKty2A9sv0G5HueX1pX4TwS5fvSC3k2mZWFxBlMSMiys3I6yR1NDFa7h74t3vWzsFBzMCwJjQ/d7VodjELbRVWAANBVWpyjGBXZk2HEzXIMH4RtW1AS5dDBQoY5ToI5FY5Uq+IMOlvE2rd0O7Nct+WXYsrxcX4VmBHPQAfMS7f5oBuQfaqOOv27uTOoJS4rIejA7j5TUf9VUoXA1y+mEKqMqWwBsBbGnsJgfWqGJ4xatMpxEWmMqruuQewdSyr8yKMC/pSR/iG6vZQEkRdHwjMfhbYQa1MrMwHzA9IUTC+P43h7lq5bt37bOykqovrcLZRmgKGJOimgXD7sgCYB1Xsw+zVLwvg2zeoEB0ZUzGWeVIhQuijmefWKhS6bZhpg8+U8iDVRWjEiOOHuTDx2cd/61aR8jZuXP2oHgOI2zHqEkQdd+/61d4rd/cXCuY+g6gHpqfpWEEC5g5IEH8T4hcMFriWgfsiWaOpj+YqCzirbpE3LhHMtA+qwB8zS5hcWI+yCDMv6hv0NFcFnuHMoZlIjNBCD2n4zy6VySSTZnc2BVoSDgfFf31zIulpzmVTOdI0Inchp+UcxTHa4vZuIzEZmSDkYZSv8UGII6UjcewjYS6t62SofQ+/fqDrVfiHGwfQFDMwGw1H0216VfjyWvP8qfO6nAwylV6JJ+eSIz8OtDE4tWj/AKSksdgc3wqesake1OptwKX/APD/AALJhRccQ91ixnkNlH0E/Oma4YFT5m3sWl+kxnFiCEC/NfMzzxY73sVbsKDkt+tzyzHRR8hJ+Ypr4bb8tAO1A8NeQvcuGJdyZ7TC/wDiBRRMTm50gHmdErS1PXEb/pNY/wAdE3Hbq08+ncac/wCxWmcYxIW2xJAHUmN9BWa8YcO5KlmBJ9TCNZMz3zEj5VXgWwzSPVmgq/rKeGUgkj+4E/lTRwPiUHKdQRtAM6EAR7tPyqn4NwhuYm0CM2ZgCI0y85+VeeNcPbCYm5ZMwrShO5Q6oe+mk9Qaarc1JeoR4vw02nFy3JQksrAbQToZ7qAO1TWOJsBpI5EajbQj6SJ/iY9Kl4DxFXHlXI1gLM6HQL9JY1ZfhmRwwy5G3GuwEg8+WZj3iir4mgz4vH25oCeZI1J58utdUGL4eWclLLZdNnECAAQPYgj5V8raM2bQ1oHlH5UNxuBzbOyd1CkH3kEj5VSwXi6xcLqqXoQaOUMOZiEiWJ16aCrl7iQgmQJnUcv60psiAcmNRMqmiCIOxgvIQou+mD6iqyNttNT0005zEEdbOHtklrrNoRl1iTuTAzMTzJY/KoMaiFiwuGembMv0NQC6ByH99KhyZixnQTCAP3riXk4lhQfSon/Q0/iP1othuJLymO4j8KVXxKjXSoDjjNLDkQmwAx/t4sNzqG3xFA5UGYMfr+tKNrjGVSZ3H6xSrw/jT/td9QdCwI/1BFDAfSmBmIsRBwKDR8zZSobUc6W8Tgms3c40tMZP8JHIdj+GteuE8VJG88/cUWtYpLgFxXMDQgRE99PlTVdSQTElWSx4i9xY2rnluRLWyWXbQ5SP1n3A6UBxHE2BiZPKJn6Cm65gsNJOTczEmPkJgDTaqTW7SfAFX2AFBqX9Rr8R2mARarmDuFrfufYKr1f0/nr+FG/8vWUL3F9JkqvMwYEnlr05UOuYj+Kvlq+gOutJBAjWDGHruIEabUj+IuIW2uLae4UEZiVXO3QADlPq1g7adaN4/iS5IGgAk9KzrE467cdmQiBGgUZo5GTy5e4NXaRdz7vAkeo9iV5MdvDGDuI63Lbm3bYjViWa4fuQ3w66degjWiH+Q2bNxy8Rmn1McuuugJ77Ui8J4ji7TnyC4ZvigA5iNs3mEzEn2ppTiS3by3LizdCBSgOgcE5mOpAOvKdq6D3dyACN2ChR+7tOw7KqD/yIqyRdfQ2AB/E4OlfOG4uQJ3/D5UXS6OZpZaCRME8X8KuYS/5b/wDTMMp3m2WOhPUQQfbvWwYGymRQoEQIob494KmOsgW3U37clACDmB+JGj4QYEE6SB3qbwo7+Qi3FKuq5WVtww0IP0qHIoVpemUslxX/AMTMPFgdM6/nSnwq2gy5QCTAA7nanr/Eq1nsKmYKWuKAW+vLnpSz4R8P3P2tM5UpbOZtfUGA9IKnUeqO2lYUYrY6hLqMSsA31GaVgrWRET7qgfhQ7xbjfJw7tMEjKv8AqOg/n8qZLdoClnxXw9MRkRnZVVsxyxqYIA1B6mvLjLe0QHzrjt26Ezi3jSABO1XsFxkKdTNFsd4ewq/D5pOg1YAA99OkVNwbgAOZPKGQmGuPqzggGEMCE5SInWnLoye+IrJ/66Ae0EypjixtrdYKUYEwdQE0GaZ0IZkPtPuFLidjzCSmmUkEaCQoX1LEhpEbE89ta0i0lq6blm3blbdtrfPK0x6QQdtAKXR4QxKZx5RIMMGzBpI+zbUCbUGIEtt12q2og2jiR4s2TNbtz+34En/wy4efMN0D0opgn7zafkT9Kk/xbwgy4e7GuZrZPMgrmWfbK3/caavCPD3tWCroykuTDCGiAAT+NUv8QeD3sVhglpQzJdVwMwBIyOpAmBPrNQWfUuVETH8PiCp3P5U78L4kMRaa3nC3I9JJ2IzMNDuBlQRSVj+H3bDeXetm24EwY26ggkR7VHhsSyMGUlWGxqsGDNFW2DqwuqeYUEgRpvGp6nrNdS9b8XNAzLqAATprAifnE/Ouo7hRq4fgFsp6b4V/vEkNHQ5pmvVzG3h/9RaYd1U/kKADFWx8Noe7MTUV7GdFUe1cY2Z3do8w1c4ow+JrZ/02x+dUbmPmhD3Jr4GmYNZthCh1Cgu6STXm/iYEDUkSe07UIa8Ziao4niZuMUtxJ5nSRsB2FEuMkwHyqgswhjeKLbUc+QH3m6e3/HOqVvAtIcQrHWS0md9frQrF8JxDnOT6hyJCEdhJ0/veh7cPuTLso/3Bz/4k/nVQxCuDIH1LFr2n7TR8BjGAU5vVOg6OB8J7MKMYbi2S6jW/VbvKS6aHKQNTHQ9OtZFaBQ6Exz5fhTj4YxCzpSXx7ORHJk9TgiMvHOO27dwKzMA65kMGCv8AMEEfKgz+JLf/ANw/Q1Y8U8J823nT4l2rM79w6gyCDB7f1ryYVyQcuY4vEd38VWuTsf8Aaf5VG/iYfZ17AH8ZikuyNKuWY+dUrpUElOtyH4/xDeM8QXLilCAqneNyOnaquHvZbg1IzjJPODOvy3qBkgTUKH1AnfZRVSBUFASV3ZzbGOnhrhWKe6ptjOog5muME/0kgz8oP01p84f4HS3ca6bzkuSWWBGYmWgnWJJ0qt4VZbVpLY5DXu3M/Wm+zfzDepzn3HiUtgKgXK6cOVBOZj7/ANBUNjA51i7FyNC5EZhJgQDCxpr2qzjboynWqWE4iNhtQHMVbueGAMvU98S8N2buVs1xGUEBkbKYPImJIkA144Jw25bz+ZdN2DozABiIA9UbnTfnV27jAFNBeF8WDqyFgpuZgjbw2ohh1HSgbJZAM9jwFQSol/jXDFvqhIDBSdGEgjUc6oeHeDCzcvPHxsoBJmVCCPbUsNdTE9KKWFy20Rc0IuUzrqogz96evepMAfTNOL0m35k5xA5t9dCT3b0Cly7hLl5y6PlB0Byg/SR/KiPEWZyLVs+ttjEhRzY9h+cCi2Ew2RAhMnmf6cqLT2CWi9aodQn3uJeC8IXDcU377XLatmNvUIfuqQDB11O8xRbjFy4ygIlxFH8MFzyVZ2HeKZQoGwk9a+MSdzTzqKNnmSJojtIBq4k+GEvl7oewbKq0AEQIj/yJ3JGmtN6Ka9kgVVxGMVBqaidrYsZ1MSEIEHiSu8b0I4vxAKp10qIcR8ySp9PI9e47d6+fsdtx6lDe+v4bUo5L6lK4tvJmc+MrvmW7bglijkE76MBoT7roNtKU3AYT78+4/Q1u9vhNkqU8q3kMErlEEjYkRFCeKeAcJdUlE8p40a0YHzU+k/SqMeShRicq21iYzkPaupnxXgbGK7KptMoOhOhI7jWK6meovzFem/xKwxFeTer5XVCZ2bM9Jcmo7mJCAnmdq6urwAgsxqUkt3r5KowM7x6dPc1FcwptEqy5WHxbEx7ifeurqb1OfkJPfzLVu1nkuSze/MVVu2da6uovMafplO+sV84fj2tOGG0619rq2gRzFWQ3E07g+MFxBOxFL/jPwuiq99NGUZiORA3+cflXV1TYiQ/EqzAFefiZ/bMa8qu2sWV0OtdXV05yJYGLDcjNQPchg3MEH6a11dWGEI/YTijCCCabOF8ZJGtdXVyejxO9QK8yxxHifoMdKE8G4r5iwfiGh+XOurq1otQKhlL+YRQwcKcH0sAAxYfMz+c/Wurq1OauLdiimoQWyUuKA7ZyoLamJMiR75SaYrr5LYHMwB866uqzIiqeJzcGVsiWxnucpJMZevM6du9RcO4j57uApVbZC6xLGASdDtBFdXUeRiAKisKAgse4VLVGzV1dSzHrB/EcaEUsdgKVsfwW/iv+pe8lD9hRmYjozTA+U+9dXVO31SxOF4hDC8FCRNxmA5QAPwosltQIrq6vKBPOxPc9G4BVe5jIrq6mwKEpNiRXyurqyMn/2Q==', '2021-12-11 16:01:00', 'First photo');
INSERT INTO `image` (`id`, `url_link`, `upload_date`, `title`) VALUES (2, 'data:image/jpeg;base64,/9j/4AAQSkZJRgABAQAAAQABAAD/2wCEAAoHCBYWFRgWFRYZGBgaHBoeGhoaGhgaHBwaGhohHBwcGhocIS4lHB4rIRgaJjgmKy8xNTU1GiQ7QDs0Py40NTEBDAwMEA8QHxISHDQsIyw0NDQ0NDQ0NDQ0NDQ0NDQ0NDQ0NDE0NDQ0NDQ0MTQ0NDQ0NDQ0NDQ0NDQ0NDQ0NDQ0NP/AABEIAOEA4QMBIgACEQEDEQH/xAAbAAABBQEBAAAAAAAAAAAAAAADAAIEBQYBB//EAD8QAAEDAgMFBgQDBwQBBQAAAAEAAhEDIQQSMQVBUWGBBiJxkaGxEzLB8ELR4QcjM1JicvEUgpKiwhZDc7LS/8QAGQEBAAMBAQAAAAAAAAAAAAAAAAECAwQF/8QAIxEAAgIDAQACAgMBAAAAAAAAAAECEQMhMRIiQTJRE2FxBP/aAAwDAQACEQMRAD8ApiU5oQAbI7CoLBWNRC1MYU4FAEaEyqit0Q3sm6AYwp5auMYpLAgBsYpFJtvyXBqm4rEtY2Tc7hvKhuglYmp4Cq2OqVPlB/tb+abisLiKTczpZJhoMEnjOqz/AJo2a/wyqy8bCadVW4DaBJDXxJ0dp0KtA1aRkpcM5RcejE8C8eSRsjUYO6VJBx7LpjwpT2IbgEBGeyE6muvuusCAcWrrWJx0XGOvfdyQHCxCDbo7tEJpQChDdqig6prmb0Ax3BDeEV4QXlAMhdTcySArclkmBd3JzAgOgp7CuFqe1qAkUtF1zYQmPhdc8lAOanssUFhRUA+rUDRmJgKkaTWqSdJgDlw+p8Cu7bxUuDBoLnoibAwtV7z8MNdkbOUmJJjfKxySb0jfFGts3nZzZwY3MRc8eG5Wu0NmMqsLHD/PFZzAbcex5bWpmk1pDS5xOSbAEOdcC4E6eC0o2izTMOl/ZZqKSpmzk27R5htrC/CeabrOtB431CnbHxBe0td8zI8vuyte2uEa80qgIkPgxvaRPoW+qotlWrEcQfcpjfmVFcsU42W7mSpWGp2TWtR2H7C6jkOvaojmKc42QXgcYQEZrLrr2ckQBdeLdEBHAMJ5YkxqM42QEWpoUNmiO9kobWRZAMBRGmQuPCEw68kA6rEoLwiG6Y4IAeVdXYSQFVuT6aG46IrSgH5CjRYoQN0YOsgBtSyp7HldKAawLtSqGNLjuCe1Ue3MaLMabWmOKiTpExVshPeXVCSt72doMY2SXMM/M3eTEgggg6ARyXn+FBzgkakL0Ts/im1G16LruDnSN5abgj73Lllfqjrx1TLBwbUeBVLXBneDHNytcRoTJdmjhPTRV1Ls5Re1rWONKowv7rbZu8Ydl3jQyOJCsP8ATOAyiHD+R7A9sxuLiC2eF/ou4h3w6bvjtp5IzFvzNaQLxmA4cEtou0mY7tFjnsexjnZmgF08XgFjvEd4dZ4WpsPi6mYvBDZ0J4cpTMfijWe+s4Q1xDKbdO43S24HVafYewGvh9UZyRYXgeAUt+dmdenRUN27WbcuY7xFvSCrbZnaJrjFRuQ/zA93rNwtCNgUC2PhhYrtBsF2HdnYZYT1E8eIVo5L0VlhrZtJshvbF4VD2X2iXNNN34bt8N49QR14K/eZC2TtHO1TAPCaXzCI9vJMYOSsQOaPZdEDXVMeYTZnegCyhvCM0aIb95QEeoOCEGo7kLKgGkJhCNC5kQAIKSNlXUBQvF0ZqEQnAIA4RKaA0IkIApEb0wvi5KaX2VRtphADsxv+H68gobpBK2cxm0S45WGG6f3fkEzAYQPMuPgBBMcYVZRfLoH2Vqez2Fa6YggROkhRBem2y7dKkR8ZgchaQZEjkfyKFicRUo1zUpGHtMcnNN4IVzttmVl+IjwnT9VBxjWl7tLNYTyJb+QCxzfGSf8ARti3Gv7J+I7e1GtDRSYXkDRxIvyhZzau0q2IP759v5BYeW//AAqzGVQyo8tM3gHlolgGOqvDZ1noACUqtkem9Gi2Pgw9zSR3KdgOLjc+QjzW1w2KZT7rnsa4xDXPgnwsqTYTQPDM6P8AkY9IWmxOz2PAc8MJGhIaTpulYXcjqUajomYHENqNkSIJBBFwRryPiqvb9APY9katI9F1jDSpPFOMxIyzcDd9FQYradVtKqash7GFwBDcpBkQC0WIPM2jij3wLXTOdmKn70c4HWCFt3PWC7OsIezjJPoVsq2JDW5nGw1XZB9ODItolEkCVHq4oNsSB1CpmV6tZ0MBjgLeZT8T2RqEBzHS6STeLbo4qjypOi0cUmrLP4k6XSYIuVU0aD6Tg18yNxsrdj5CtHIm6IlBx2GZU4ymPfIUdjo3ooII1utDMaXQmyivbK4KYQDGuSYiOAQ32QHYSTcpSQkog5OCCworChAVhRMyE110akJCAFUqwJ9Oap8QS83U3EvBk7pMeDbk9TCjNZJAGtrq6QIGHwuV4I0larZWDAJIlpv3gYtOh4jkqNg745mPM+i1mApksaNAN/KVKVIWA7QHPTBkES2+h+YekBZXaeKmo6Jg5QY3QAtHtiiXNbc7oG4CIHiSs+Nm1Xl0NG+SDN5vpvXPlS9WzXG3VLpWYikJLSJ4HxVzs1jWZYG4+ubX0UJ+zXscM/Eel0fZ5kRvv7kgeipOSktF4RcXs2ewqQe2OBPmJVphqDnBwc14LdXiH6Gxi8AxOkLPbDxnw3w75SZnhm/UrWAkDOzzBg/4XOkrOu21SK2vjXsDWuDHAOHea7W4FwBwKoe2uMAYKY1qOFv6R3nH0A6qz2xiqbM1au7vkACTcgEkDKLG5PNefOxzsTXL3CANBwaDN+esq0Y+nf0is5qMa+2WWxxNYcGg+0Kdi8XncQD3G+rtJ8Bp5qjOIcwHLZz7TwBuT7qVRIyAcco/5GPZbOVRo5auVmz7PYeGjnc9brZ4aiIWRo0KjWB1Nue2mYsHmLq82S+qA4PEEAECZvGiwX7Z0PlIJt3BMcwyLtEg8I19FlizQ8e67xGh91b4jG1iXtcx8QRmlpbccNYuoFcjK7xn/t+qhunoVa2QHMvCJSiYQnuuU6lvK7Yy9RTOGS8yaJKcg0yUTMrEHCUGo9OzpEoSD+OPuEkRJAZ5hXGSuNKe0oQOaliauVscbdN/3zXQVCqPzuPQDqQpQCOb3QP6D5k39kxlTK1xHIDxP2FLqNtMRAPVVrphjR4nrpKuAuGIDm7z53F58NFqcLVGQCYGn4rkwANOao9lYcEve4/K02vwJVxj6eRkgcCT1ueWrvRCCNtmt+7JH4RY3N4tDRqfGFEwQOFy1mg/DJHxGGTmFg57JvmE66FXDKQyd+8/LzG53UJj8OagcHzGUiBzEW4KJRTVMtFtO0P27hQ/vsu2AQRvBvKpsHgYBPCP1V92RLgx+HqfNTMNJBh1M3aRPAyOVkLZ9CpnrB7MrQ4ZZibiXC26TqvOacW0d8WpJMjNp2v9hVm0O0FTD/u2Pkncb5R+atsZRc0F7zlZBPg0alZmpsx+MrzRaSwAAvIygHUzA15AK0Ip7fBlk4ql0pcbin1HFz3FzjBk+oHBTtm0MrCTvt6XPrHVStubDdhntY45gWgh3HcfUIjWd1oJgAgE7r95xWreqRzJbtlViamZwA10HVWFMjuyY77Y6NkDzTnbDLjnYTlklo3x4qThqDTE/wA7XDxGo6gKZx8rZEHbN72Yxn7nPBIyg2E2I4KXh8Xmc5weyHaZswI8OIWd2Xi/9K57D3mBzhI3Am3RavZtVjmZmPBab68dZWK2dNncVj2fCfo6GO7zYIkDSRvlYEbRljhxj3V32q7TU2M+DTIc51iR8oG+6wFHEybI43sj0lo0tKrmqOA0gffup7VUbKZEuO8D6qyzaX0W+JVE5cj+RJaV0IJeuh61KDyFwprXXTigFCS5nSQGdC6HIWZEgoQOqP7p8vOyjhmV4ne4T4jX3CM1svY3xcei5ViHE6yYjkdfT70V0A2Lf3TvkW62UWg0y9/E5WjiR+S5UqgNA3yPIcOSPh7d6HOiSI1uT0P6KQTsDRyjLxsec/4CsNp4s5HMc2xa4AjifBU1LH07d5zeIcxw0NtBBR61djy3I/NB0DXC5tq4AKG0KJ2FnI1gJkNvu+4U/C4NzoZnBvcwIA9yVW08PVJBYGg6HNM96fxbrtI8UbE7Qr4Zhc+gIAkkPHPlyWc5/o0hFPrNnh8MxrQ0XjedTzJQnbHpF5qZYeRlLgTdvAiYOnBedj9oTx/7P/b9FJwn7SCXhr6eUE3dm09Fi4y+0bKcfpmx2jsUvblDwJgGWZu6DcRI1EjqlshtFmanRYWspktc8jK3NqQ0n5je5FuaKzazHMDw4ZYknUBYg9u2S+WOPeMARGvMwTzM+Cqo/SLuVbkyd20eXuYzcCSw+PzDwsCOvJUtCgYaLa+pQ24x+Ir532DWnK2SQJPE6nnyU3DA5wQCWiQbTrHeHgY9VtCG9nPOdt1wnspfCDAPkflB35Xm2a+4k3ULa2ALA6ATmc3KNIcD9QVP2q8fBLWubIbvNwReec6eMKZsnBvrsaKwIbIMEAExpPL1VsrXnZGNNvRktn4x7tWkgWM6rQ4TBsPeg33RqfqtMNiUBYMbO/j1OqczZDBYW1jf7rnai/2br2vtGE2rhWOLie5ldANtQAb/APMIWB2exswQ4kCTGgGseK0W09lvpubMOZUdUzOAsC4U8gO8WYR/lAwFMVBPG5tZt8wHMgEdfTSOJSWnoxc3F7WyCBBPj5cAuioi4+kGvgaQPv0QAtKS0jNu9hQ9dzFMC6FIHMddSHOQmMTnO3QgFnSTZ5FJAUOSyM0LmZda5CDlE957juGUeUm+5DAimXHQzHIfYT6b4Y6bTLvr+S7VpxSbIs25+n3yWgIZZYTrlnwC0Ow8Gfh5oub9As/hpcWxq4R5uIhb7BUcrQB9+KpJkxE3BMEODQWkA6TLfxdRY9FLZhmAWaCOQ1B/ROpCBG6ZHFp39CnOO7d92WbLESqzvgDUlvXK6fb3VJ+0HFllFjAP4hIJ4Btz56dSrapVmsxgN4cT4Rb19lQ/tG/hUD/W7/6/oiVhujC5UJ9BEaV2VqUDUcS9jHMDjlcII6yoTjCkOdZRHmbKKSDbZptlnKwvImYHkP8AK0GzqIqtD8rfB0m86iZm25UWzz3GAwReZ4fd1fbCxDGZ2McDeRfQb9d0n2UxWiS4wOymOc0m+XjFo0gboVtXxQp2ECIzOOjZsOp/yqettQUWPfq75Wji77PoqEYCviXZnvybrScxPzE8uS5MsrkdeKNRNXidoYZkvqVGTqTOcmOAFz0soo7TYZ38J5mQCxwc0OBIHdzaOvNv1VRS7ESZ+J6FcxPYmNKnmOGiraLfK+GtqtLmXzOa8HvQQ6OYAs4WIMXWb2JRIbDhOUkCA4aOImDBvHqtB2axT8hpVPnp2n+Zv4XDx08QVWbVouFd5YSBIJjmBK1wPbRlnWkyv222HN439I/NV9NTNosce8Gd38TjrPjwUAOW0ls5wgKIHIDXJzSgJLai4DdNaFxxQBkkL4iSApiliHQw+XmukIGK0aOJCkgNTGcNbuJE+A1Hp7KZXM03+MDooDH5HSND6HkpeeQRxB/yrgXZ6kHPYdzQfObe58ltqdtFk+yTJDzwd6LX0W2HBZSey0eDg47vI/nqEN9QATceXuEQ+Xr7LPdqseWUyxh77rDiBvKqSN2LiviYmq/8LWloPX9HHqoP7R6v7rDj+t58gPzUzslhTTpuc75j7AfqqT9oNTN/p2/01HHqWgexUrpD4ZQVF0PQDT4lGyNGjSfvmrlDlSoItqUTZ9HM6ToNVGeL8J3K2wOHyskzJ0id9lBJftomk2m57ZaQCSN08/Az0UitVpNeXTEQQbCdeEctOSiYvbTfhhmSzRHesJ+/ZZSti5JdGZx36ADg0bgryeqQT3s0VfaJq1mD8DTbmSbkrdbGIICw2BoA06D4vcHxuDJ8R6q+o43E04a2nnuNwAg8DOnNcM0m6R3Y20m2egUxG5Mxr5Cp8BtJ76ZeWFpbq3fPJV7+0T3OLfgPAtDnAmZNrAW+ih7ReqdnMRjsmKpkaEOa7wJkeo9VNxrmuqO/2nzEfRZbtE456JIyu71ueU5b+MKXhtpk98CXFsEHc4fldaYlTTMcru1+i8rPhruGUyDfcsm9ylYvHVHEguAsS4AACBre5KgF+8GQdCF0yRyhGvRqblEYURjlAJrXJtRMY5de4WQHIST8w4+6SAqGuSc0GORlJrE4NQgG4S0A638eSYHlpv8AYRy1RMa7K2T+v3vVrBoOzDMl3PDS46HgRY310C2LJiQOrSPY2Wc2CHfDGZua180BzRuItMePBaJtNsTEHmP/ACb+azZZEfHYgMa5xJsCT3HTYSbiyyWHpjEOdVzAtnTeI0EFF7QbZLKrKTXSMzS/vTAmzeut+XFTf/TrGAuaMzHXEOLXNBvAc2JHioRIRlUBhYwiSQI8bLD9rcX8TEuDTLaYDB/s+b/sXeS1mLNPDU3VQDmAhgcSTmNhv8ekrzySTJMk6+KsishAHcjCd0BNaikq5BEYyX34q+qWgiIAG+BMWVJP7wKfUc1stF3n5jqG/wBI58UXQAxRLz3iDGkaeqFnLdwPiPyUkMQ6rLKaILXZO0GuZ8MiDmDm/UD3XoGFxrG0w50GBwBPSV5JgnltRjh+Eg33iYgczovQDhg+kHsMFphw3HgSPBcuaNSs7f8AnlcaZocFVljyIguH0UujXpmZgO8I6qlwWw25ZzCDctDngHmWRB80ZuEytzPcI/C0SI8TN7LB6Ojpm+1ldrXscXD+K0Ab4g97+0QJ8VVMpvpPzkmHkyBcAREwd956Kv7RVfiYl5Is05G+DfzMlMoVntbla94bwDnR0E2XbhjUTgzSuTaNRjwx9B7aL8znC5FjzDp+WdN2qp9nyyWOkHcItO8TNlXZLzv4qzwTy4NBnM3Sd4H4Z4gXWjRkSQ5FY5R2lSmCyoBNenB0lDdqnM1QBcxSSypISRWhKEmpxQgaWqLs4itiWNN2MkxxLR+ceSftGtlYTvNh1/SVL7FYT56hG8BvGB83SSPJT9BdNjRogRAg3uDcfmORUh1WGndaeXjBsEwaff2FUdose2lRcXE97uiNZI3evks2XMNWJfVL3GJJcSbAD9Ar7C9q2NpwavdEw3IS4wfQHUSsji8W5/dFmDdvP935e6CGKyiUsn7b2u/EvkjKwfI2dOJPFxVeJG4pwZ9wugcR5EqyQBueeBRDV33jeuhgSe0KSDuzxnqzuCk1xDgBwVdgsY5gIaBMm8dOKkYdxNyZKlAkgpmJeAJKcEHGNkBWfATcDhPkmLvk757oLQDyn34LU7NxQp1If8lQQev6+6oNmV84AaJqBuUN0HcvPi5rnjxHgrtrGvEAhwgEOiBzB4EbwubLF9N8MktfZp8NhQI77o4TZRcbiRUflZ8jNTxP+VS0cDUPdDnZOAdZWLGFmWmwS9xhosL+JXM19I6/erZhdt2eXGbve0cIEO18XHzCjU3KZ2peDWNNsxTGU5tc/wCMxul0+irMM7cu+GkkefJ3JsnNKsdkvbnyOMZvl/ubJ9pVW0rlYmJBgggg8CDZXfCpp8XhCxwO4+UpjPZS8JjW1MOXGBaHcnRw9R0VeKllk0Sdc6SiMQGlHagH5kk1JADDxCQMqOHJ7HwgIO3H2YPE/QfVbXYmDDKVMaAsaZ/qIl0xoZlY9lFlXEMY9wa3LvtJ1iea32DZAGV82uG5XN8vqofCYh3W+59R+S867aY34lUMBtT11+Z2u7cI81t9rbQbRpOe6CANxLCTubBm5K8oe8vcXHVziTv1MqEtkyY5jSnXRQ6wt5kBcyE6fU/RXsqCLTxXMp4p72kbimO/tP31UkDXyBqmYirASdPA/fVBawudJ0HugCUmQOf1UrDIJC0tHY7f9AMRGV4fcye80uy6aCCRpwRyUasmMXK6KlMxHy+XunrQ9mNjipNao2abJgHRzhvje1vv4KZSSVsRi5OkZSm9zCHNJBHBX+GxJrvYym9tJheCabnOEvLYLsw3Ez3Z/SnxNRr3ve1oa1ziQAAIE2sNPBBIUIcNE/aFbDl4FVmZhcA1sFpuRGUNvETJNrX3Kl2ltGrXeC82tpFr3IG4oEb12FHlXZPp1Ryq6S5ztSST1WlHZsOwjK1IS8DNUF5LYvA4t4AcVXdnsBTrVgyo8stLYi7gREk7lv8AZbHMOYTEltRv8rhvHl7LPJNxao2w41JOzzQFSKeCe9lRzYimzO7XQEaRv/JbDtF2Szk1cMBJkup2aCeLJsDyNlI7M7NOGoVqmIaG5hdpId3AN8SN59FZ5V5tdKrC/VPhgtmV8r4Js63Kdx++KuQxZoPBPC9hw5LQYWtmaDv3+KszIkBic1cSCgD5STZSQEKbLgK5NlxqAkdnqQfii46MB87N+pW5FBp3QeVisV2Vwr7vYBdxB1BcLb+R5cVv6YcQAGwY3n6hUlNXRrGEmrowHb3aZBGGa6QQHPnXWWiek+SytBlrq97e4B7MTndBFRoLSAR8vdIMn5hbzCpqYsrRpq0ZyTT2HYEVoQmFEarEDXgcVFqO+7lTnNCiVggIj3kiAk1nMpMunlw4qUQNzdV6R2Yo/G2e6k92UHOAdYh1vYLzdrJK9V7JYTJRDJkAvv8Azd43jcFjmdJG+BW3/hTYPsU8uGd7Qz+iS4jqIb6rU4nB9xlCl3GWD3C2VguQ3i5xgdSVZPcGhQa9SRd1tSBrCxlNy6dMIRjwwvbakwVGGmwtBacz4hryIGuhcN55hZpaHtjj3PrZJAYwCGjRpI0PMCPMrPLpx/ijjy16dCSKSS0KEnZuIDKrXO+U908p0PQgHovRsDiJuDd0E3/ELEEcYheXPbIWg2BtiQGPPeHynjHuVhlje0b4ZpfFnp9GpLOYWe7bYrLhHgH5ob0LgHekqZgMXIv1/VQO1rGGg8uMZQSDxMER1mOqwi/kjomvi/8ADy9sDcrHZuJyuykEZojhKgHknsqQu2jgNMx6e26hYarnE+fipzFUD8oSXMy6gKqU4PG+Y5a9EKUbDMaXszmGhwnwkKJOkTFW6NrsLCNYxoAIBBieEyequvihkk6RHpcrOnGuYH5e+wHIJPyjdbUAiLoG29qfEpOawZS0Aw7fESLHeuZ7O5VRZ7bwNPHUGOGrXAhxlo4cRaD1gKjqbHwrGhtV4eWxak1rTYQA6pEnyvxUJ22H08NUYXd5xuBfuuAnlbRZs7VO4EnmrxjL6MJSiWm2XUWtHw2Bhm0OcTG+STdVzHKKXOcczjJRmOW0VSOeTthyUCqEQFMqBWBXTEjmV3XVNqHvFdBspICM08F6d2b20x7GyWh+9vA+C8tYVJo1XNOZji08QYVJRUlTLwm4u0etYnGj+YW3zbqsntvtQGgsouzONi4fKP8A9FMwWxahp/ExJOUDusOl7y8ceSy+PYA8kb7rGMY+quzonkko2lRzMTJJkm5J1JSCEHruZdJyhEpQi8pZlICSo9UQQeYTy5NiSBzHuoBotm9o3MYWvkkDukAT1k+qi7W22+uAySGC8WueJj2WhHY1j6eZjy10SJ7w8LBYvFYd9N7mPEOaYP5g7wso+G7S2azc1Gm9Dcy7mQpXVqZFtsV5LiJtE9dPqrmQqHYre+4/0+5CugqMBJSTYSUgrwnO0KSSS4I9LvZ/yVf/AIx7FVtX/wAQkkuaPTsl+JCxf8N/9pVDR1XEl0o4mTG/miDRJJSSEG5cqLqSAqa/znokEklKKjgp+yf41P8AvZ7hJJVlwtHqPT+0/wDBd0+q8rxvznwHuV1JYYunTn4R2p4SSXScp1NKSSEnEm6jxHukkjCPW9jfwB/aFhO2n8f/AGhJJc2P8jqz/gZ5ILqS6DlLjYej+n1VruSSUA4kkkgP/9k=', '2021-12-11 16:01:00', 'second photo');
INSERT INTO `image` (`id`, `url_link`, `upload_date`, `title`) VALUES (3, 'data:image/jpeg;base64,/9j/4AAQSkZJRgABAQAAAQABAAD/2wCEAAoHCBUWFRgWFRYZGRgaHBwZGhwcHBocHBgaGiEaGh4aHBwcIS4lHB4rHxocJjgmKy8xNTU1GiQ7QDs0Py40NTEBDAwMEA8QHxISHzQsJCs6NDQ0NDQ0NDQ0NDQ0NDQ0NDQ0NDQ0NDQ0NDQ0NDQ0NDQ0NDQ0NDQ0NDQ0NDQ0NDQ0NP/AABEIAL4BCgMBIgACEQEDEQH/xAAcAAACAwEBAQEAAAAAAAAAAAAEBQIDBgEHAAj/xABAEAACAQIEAwYDBgQFBAIDAAABAhEAIQMEEjEFQVEGImFxgZEyobETQlLB0fAUguHxBxUjYnKSorLCFkMkMzT/xAAZAQADAQEBAAAAAAAAAAAAAAAAAQIDBAX/xAAlEQACAgICAgMBAAMBAAAAAAAAAQIREiEDMUFRBBMiYXGBoTL/2gAMAwEAAhEDEQA/AN6G6rVq4q9DQ65nwrpx55Vz0b2i/wC2HImpDMUIXr6qxJcg5MwOgqRxAeQoAV0U8QsMbCU8orn8ETtQ4Y1bh4zDY0U0GmfNlWH3TVZQjcUauabmahjY086FJhigWuiuzX1US0fV9XYr6Kok+r6uxX0UAcivorsVymB9pr7TXa5QBzRXNFSr6aBEClc01ZNcmgCGmuFasmo0AVla5FWVyKAKylRKVbFRIoGVFKgUogpUClAFJWo6atKVH7OgVHFFWCoLUxUUaEhUxURUhQB0V0CuCp0AfAVICvgKG4vi6MvjOPu4btaxspO9JsaR5/2l7dv9o6ZfToTu6yCdbyR3RaRI3mLE9KAy/b/M7DSb/gt7G55nesXiY2qT6CNhyt6VWuYZTqXebeFCQNnvPY3tJhZ0FSQmKolkP3h+JSdx4bj51rDkF61+c+AY2YDF8IEskv3Ykx3q9zyWcTEw0dW7rqGHqOdSu2ga1Ydj4Sr8LTVMVHExAq6ibULlOIo83iOtWiGGRXaow82jTpdTG8EWqH+YYUTrHTcb1Qgqu0izvafAS0lj4cvOs/xTtc7iMMaOpN58qWSQG9rkjrXluLx/Mk//ALDHgBUM5xnEfRDsCBcgkUsgPU7V2K8f/wA7xlmMR7+Jpzw/tfjoFDQ6jefiPrTsD0fTUSKxOJ24blhiPFr+0V9jduTbTh+ZJoyQG1iuEVkE7bruUPlNV4vbkKw7nd87zRkgNiRXCKx+D27QzqQzygiqx27AMNhGOoI2p5IDZGvqzSdtcAiSGHpVT9uMDkrn0H60ZIDUmuGsqe3GB0bbpz6V9/8AN8vzDe1FoDUGo1nn7ZZbQWDSR93nUf8A5hl/xUWAzXiC9aBxu1WWQkM4tvWDTtRqlShggiazuJhMzEqpjxoHbPXl7X5XQX1iBaPve29J8T/ERAxC4TFeRkCfSvOhln/Ca6MBjyqdDtm6zH+ITkEJhhTyJM/KKVP2szLMrawCOgt6is6mVY7b0Rh5FuZIodBbNE/bDMkRrA8QomrcHtPmHhHcaDKtIiVNmn0mkK8NYncVcuQYRB71S6GrFWV4IHZ0XEhkJIG6svIj0onJ9n2Jl2gdBTLCyH2RD6Y1nRbYNdrdBY19j8TVDAwXYjc2A+tYylK6R0whCrZp+EImH3cNel4pPxDMPhOcNXcKjd0SYA3AjyIod8XFK4bNiJh4T3gHvGL6CeVd4tjB3+0S6kATHNBoPntRx+mLmjStBmY7R4zrpZ4ERAEUtzWbIVx9tpLAKFaQS5PJtltIvaSslRJAD4hmmPAMb7MWXUus2GGW75HdLvEAKWJj4jKgDu31arbOVpy6Lv4nBy+K4dX1QoCq45iWlkJkXA35GqG4zgSf9Ehd5DsTeZMEkbil+NknxF+0kAOXYMy94qBz0SdJ0zp0ki52JpRhho1MyqoHxE/FMmFXdj6UY/0cZRraNjiomnWh1KN7QVnaR+dDtiMdhSvhfEwhQ72CuJsy95WHnpCnzFOc3w9lGpGBSxU7HSb3HtS67KcfRQ+IelUHFvUsXAeAetEZbhhjvGmTiykKYmVj51S7dKOzOWRI1N5RVaYCuqkAkkwfDxosMQB3PMVAMTtWpHA1IjVQ2Z4QiCdxYU7DEQ4CtBkc7GreIIiiB8XOnq8HMkT3YtQ79nNV2elewxM0wM0XiZVxF5ET/SnI4GyjcdKoOHobQ7SW2A5U3IMfYoh99JtUmyrxqAsb07zeTYDuXNLQmNNxSyDGgB8NuQrq5XEInTTpMm3SDV2JgkDcQBRkPEzj5ZwJig5PStDqnZhE+/hU4w+gp5CxFqYSxIFFK5KxEGqBIgAnz6UUmIJAve1SykTwlJABN6tXLAC3n61UMIoZFx08aITE1fdtzpFEMHX+C/Wi8DBZ7ssWircLEUiaLy+Gx3t+lSFA2W4aouSTUs/xHBy6jXExZRGo9IH60t43xd8Nyi2AtPU2meYAkbf0OYxMwS5cmSIAnynfeNECf7jWML2zOUq0hrxHjjsrIEAVRqPMhpDWY7wJG3M+ApXi8YxGGnVAYiTpkEVS4JDjmdO1psGix6t47nau8PRHBRrndfH8/HbnTlGPdFQlLpMYZ3jRxcIYJVR31YFbDULTp6XNq+y2aKFkRph5hhqDDSoIIPM6WIuNvGKvyfC0QNiR3UBJPPwHrSJSxZpIk6jI8Tvf1A6T6GeOn10Vy5eezZ5DiuAxh00EbwCRExI8No3macfw2DiIGwmgJMgp8Wqx3G8qNjt5387TMOCLmwMTfabEc4M+161HZ/vYAfUVClgZY94kyQFmAL8hS5opK0PgbcqYn/jcRHviFijgorEkXOiB/tCu1h1PWjslhOcBwGYMhGGoTFaSAQGJw7s0BT3VBXckSLqOKKNZ03BMj9Kpws86yUdke5PQzv5H9TtTi7RnOFSZdm8rOIBhYb/GU1Rp1t0VFUBdjYXvcCvSMrwwjCw0cjUEAYbx4SLViuzPF8NcbViLDN8UXUttr0z8Qvfe5r0pcQONSkEEctj40m90yoppC3/LE8K43Dh0FHM4FQGODsDS0MDHD12hT51YmU0myCiBiHpXyYxbYUaAGzWL9mpYrYdKGyGcXFkadr+lWcWyeJiJpVtPXxrJ5bHxMviaD8YO/KKCXpmzxMQKCSIAoPLcVw3JGxmL86znEeIviAo50kGRHOl+WZncbzaPMc6AcjcY2MBSvOthgh2UsbAECidCoobEe55UbhKGErBFKyqBFypMGSKsTLAD86JOoULnMwyqT7edJsdFZ07bmkHaByLBeW4pZnMzih2BlfHxpbmeIO5lmvtVxi7szciC5lkmKh/Ft1NU67GahqrWiDUpjj8LVfhv0Q0NhYb9I9aJQYnJfnWTo1VhSFz901f9k5Hw0Kr4o+586JwsXF/B86kZZl8s4AGgR50emtFLMBCgsfICaFTM4v4PnVPF824wHlDdY9yBSW2PpGQzmPrYu1yZ1fzeYvcxHjvQ6MNUgREnxvHtECOQnlIqGITvvMG8eHOYuI/cVzLMSd7gxHgYgDw3/wCoAXN+o5wogSTcXIFiCYCgxblA2I5zG9D42GZLbGRcW70atQuOtj08wQSTNpiI9AC0WMSYado5EXmolhPKNzHIEMbnxW0i/etqmgA3G4vqy4X75fSR1gTqgbwSD5j1paiXvczcwbmSCIjryA+dqhg94llPhe07md7XA5nfnFXuIAhhZbQRy2jYxcW8xvBEqKj0U25bZXijuwSDv5TafCIj5eFCYeO4bSrNc7CTM+HWrmUswUWkjpa3Xy5defR1g5VQVRRAJAMXaWIUGeZ/WpnNR0zXh4ZTtp0kE8E4cz4f+qhBmVJEal8vf2pfmeGuGbQswec16MuTEytgAAPALtVmBw4Tt5muXN3aOp8axpnk2JkMUEkoevdt8uVbvsa+OgCOIw4Ju2pg1rR08B42rvaDOoW0Yfwrdmt3iL2/2j5yI8VnC+JEYyKAD3h+7fSrc3IuPxoxi3Js9BTL6gSLxPuLH51FstFAP2jwwhIsZNlsZ3+c/OgOHdpcB8VVTGIYwGV1aCqyIUk91vUzBteqTONocMIpU3FXRjqSEHOmOexFRgCrMCJBg+XobUi7SI2Ii/Zq08x4UMQr412ndzpw5QczzrO4uafVqZyTvNGLw7FF2w3I8qFxEYRKtM2BG9UkjN35InNyZN6PyGaVZZd/HpSrERgdLKQTsCOVX5dUUXu3MdBVtKhLsnj55ixlifOtVwLiKIgDtBO1ZjCyOq/eIgmwmKnl8sWhXDW+ERUNIqNo9CZyRIIpfndWgkgEi4qGXx1w0VSWNuhqOJxFP93sag1M9m8SwGNzEn8qyuLc22rY8VRHX7xPIwbVnmwAFjQxN+RrWLMZIXOItUNNXYiNqAIIPlyqf8N41ZJ6MnBX/FRK8IItqFEZbLOANTmiyoteuS2dVAY4ZHOrRw48mFWfwgLWc+U0QmWIM6qNgDf5e45ikfbJCmXUNHfdRtOwZvqorXsoI3pbxvh2Hi4ZDgkrdSDBU2Eg1UXTtktNqkeT4rA+dvIRpFxy636HzoFcbSxI25CTHMR7GP71rM/2fRR8bx/xUxziwEDnWRzuGA5CkkDcn+ldMZxl0Yy45R7DjmQQQpvuY6gC9xa1pFrbAbD4+Pq7omOZ5df/AC1XqlFmw238T7CwojCAHeNgIjrAuItEyAfeqIIrawkkgE2mPiAiZAmY9am7lRsQYPPYdLbmefmLRa7LqWsFJHMXIX4bXiefvQubw3BIZdJ5jmfEnrf50rQ6ZPL4stPl82v9K2XAMn/q4IIuTqM9QGf0P61keC5P7XF0k6RBLHmACLDxvXoPBsRRmU6XA89MVzc7/SR6PxYv6mzXDDVVLMQqi5JsBWW4xxZsSUwrJsTcF/Pou9r7elF8bz/2rnDViEQ3I++w/IcvU9KWZgKqwP61hJ7pHVw8WspdiLFi4P6bbDyoLhGXbExQqm8MwjnAmPCdp5TV/EnXkwDdDb2NOuwWVQs2KV7wfTq/CCotvEEk8uRrVaiRz7dB+W7O4jvOMiIg52LOeoj4RTXinAcJkjDAw3A7rjef93WpYWQTCxXxHzJIIjS7rAMTMhRfwofJZDMBy/8AEB8IzKkTboCGt7etC0jkaC+BDEbAVMQhnwyUJEGdjv60e2V8KH7MYyAYijVOtmJI7sEsgVTMkj7O/nTtnUiqjTRlJNOhccv4UDn+HBwAAJBBHhBq7iXHcHBbS5uRI8aw2b7TscZ3wmIDKAAdgVP50d9EuVdjvtBw5PtFxXdQmGhB6kmqeFY+RN4VCR97c1i8fiWI+uTZiTBvvS98UyJ5Vai32Q5ej2bByiADSBB6Crf4NBB07eFZnsx2tV9KYgCaQFB623PStoMRGGpSCDsRUUWnYBjIgHw0O2GpFk+VMm086+1rtSaHYmHQoKpdATZVWnGOyAHVQrhCAeVS0UmKzw9CwZwpIsLV3/LcP8C+wo4uvLlVH8WtAEGDxvVqX3NxQf8AEgDfxoY57SxnY1KkVQ0GIwcEdaMZybgUrws8pEztVQ40ASD6U0xUN8bHIFuVUpmgwvtzqIzYKSK5hldyN7W36U2xrQBn8AMpg7gxavMeIZdkxmVhznzHWvQGzDI+hxcG3iOo8KA7RcLGKmpRDLJB+ZBp8UsZUy+aGcbRlchlnxWGHhJrdtgBMxfc7bG5t86MznCsXCcDMIUtYGNIEQIKyptyBnbbYtP8OGX+Lh4kI2lWUHvgqZk/CwA860vbzJjFOGxbSqklrX0xsOpkCuic6OOMbMvksMOp0EKqxLGAFO4km2rwFW4/DmfQxXpcCdRXeCtjqsZ86o4Hj4b4117iWw1mwHNj+Jibk1vE4kAsFYHjEVzSk4yo64wyjZ5th4LZfH06SA4hd7+9NMyrgamEeNxE85G1S7Xs2YxFTDRi6EXFh3uQPsSdrVPI9n3Ve/jOTzVWZVHh4/KnOmlJvZ0cGSuKWv8AgDh57QAsyd5tBHKPHb5182eZutE5ng6CSNQPWZHz/pSd8DEQ2Gocr7f0pRUX0bSc499fwlmSH3vUOCcSbL46EltBYBlmAQZWSNjGqRUlxNXxLB68q+4RwDGzuMy4YAVfidp0qLcxubyB4VtBXpnHzyqmuz0XMZB9H+i7AEsWX/TIDnqHE2NK8/nTlVd2xC7dIAUsRCghRHK5HStLm+zuI+zKD1DMJ/7ZofMdl8P7BxmMQBNJLsJ7unvatR5iJqI8cm0miJcqS0wfgXHEx8FXUqGjvqvJudtwDuJqvjPaP7IKIktPpXnnDMz9hiFsEsygtvZnSbSOsAW5E1r04euZUPhOrL1JuJvBHIwac4Yv+GKnl/kyXE80+IxJv4+FLnBBiDNeh4PZIaHEnUYjwqnOdkSWBU7AesU4ySJcWzBEkDzrjmQK0uL2Sx22jc8/amnBeyTBYxQJHQ+9XkicWYYErEzWr7Odo8RHXDmUjb8PjTnG7HBuYi/n1FCL2SdCCkGJnrvtUykmioxaY7xuM3GkTeD+tUZniOIGssqBJNE5fh1piDRGYywKyBciKyVvs1Ypxs4+IpsQLb1SzvGmYt8qcMqwJHKqcDLKWY8yBHlSASPxF0IBBO8+1U/5p4GtDj5VCKF/y9adhQkwsZmYC9xap4uXdyQNgPeily5LErtH0q3LsSYX7ok0JrwKvYBho6oRzAvQ2Jiq2IgOwEz1jlT/AA8EkSw3tHnerBkUCyqjr60IDmXxxpnkaLwMQERzoLL5Z5KgeNN4ULMeFKihT2gyq/YvimQ+GrMpHgCdJ8DSHhPGg3dewIuD9a0naTGCZcg/fOiTEAQSSZ3sK80zGYSZUknw3Hyj+3OtY8alEn7XGRpeLcFxNX8RlT31Oru7mOY8fDnU+K9plx8BcNlIdVUOzAAgqO/YWBJgQB97lFD9n+OggK38wj6elafOZbL46wyKxItMBo8GFx71m5uP5kbfWpfqLMPwLO4SP9oXAItpIMtqO4It+la3iT5WBi4xLFR3E1HTPK2wHjv40kPZvAEvhkspkqCfhjdZ/EPH+4WfwHVkiShYL3htcAgg7EU3jKVpijlFVJG2THDgPoCllFgSe7yJnmRHyHKo42JQGJmbm9qDxc9WG2epFKKoLxnmgMfDB/dqrbNTUGxatRKyTAM5hlQxHQ869f7L8NTBy+GqD7gLE7s7d5mPiSfoOVeT441jRzYhR/MY/OvbMMaQANgAB6V1cPk8r5qSaot01hv8VeIaMsmEpg4rQ3UoneI8i2gVtmc8q8u/xXfU2ARdV+0Uty1NoMD0Q+1dBwHnuo7EwDc/vfpWk7GcXbBx9HxLiFVabFWk6WHWS0HzB88qjSfWnfZtZzWBBuHUT1Hr4ke/kTnLaY46aPUf48KQD0+VU4nF0BIJtNEPlQzgkbCPG9VY3BcNhcbEH2rkpnTaL8tjlgbX+tfF2AJ8asyuAEEdK7hCW+tCEUrnuW1AZzjOkixv0G2/6Uwx8kCwa9j71Tm8j+W3ib03YAeW4nLd4+20Ubi5oACNjtSw8O0Na4k3PKYt5VzFxRr0cgQAfE0uh9lGZ4sFaDyPyorBzSgSDtPqtJM3w8vpk3Mm3nVGPhOqEJJ/Twp6Jsd4udB2Oxqv/MPGs2TiI9/hMDfnH60bAoaGmO4AEcoNWZNxFh/almWxwZBPketE5dgvn+9qmih2AD9KDwQQzDkdp5VJcYb+9CO4k/i3j0miwoYoYNvD3q1mOmCd/lF6XpmjCxefi8NqvzGZ5L6nekMSdtkdkw9MlFlnAuQe6FJHMXba9xWJxgPAjaR/cgSZ2+VejZkvpn4lYmB0UAA3FzLTWS4xk8Ed4alP4QJ9wTYeVdHHKlRhONuxLlMY4Z1AXld+QBnSPE2v4+NbHC4m0/6J1sBrIj4l3gdDFYoIdXdNz46febR62pzm3OWxEUNqgyGBPWLzyJv0pcsU2vZpw8jimvBr+ENgYveXUmoyQrFZLGSHA3BN7+I8KTdp3bD+2Q89DLEzAZYvPhH8xo7h2WTFJS6OCXQ8xN3QjmskH+a1d7Y5UhEf42SAeWraCf5gDWMXs6OTcdCDM8VBNhbrO/7igmzQJ6UA7HUdjBO2x329Zr5FLEKoksQqgbknYD5VqoJB98mM1xDXWx6d5Xsm4Tvs5ciYVJRLGzYjsF5iY6Hek+eyH2WKyatQEFW5MpEhreo9KnRrGbei3hhLY+Co54uGP+9a9vArxXgK/wD5WXuW/wBROUAQfnXs6vW/F0cny27RDFvKj+Zug6CvP/8AEzDnLrpXuo4OrmZBWy9O9ua9BYSI5dKS8d4QMyhw2JCtuenjWxxs8Jy+EWYKt2NokCTy38q2HZzsvmRj4WI6qqo6sdTKZAM2CzJ336+c5nh2XZ8YYQYBmbSG5TvPUi1vOvSOymfd0IcQVOk+YsRXPyycTfigpdmmbDM/u9VqGJPIfWiVcW/dqi6XN9/kd6xLB3bSJO0/v51VhuJBBiZNXZtLBeZ5/vzpeMOAFMmIPj1N6nyPwFPmI3NSOaFh1oHNkCRuAQPyH61Q8BUG/IEep/I0Ww0MMHGUmD1MV05ZAdhe/qKV5d4ABInUQD0+9t5WoxMwJKncQZ5d6+9FhQFnMqO84MQCY6WBNLcyTpJgaSoPuFI+tNsy/dPON/EUrxsFLr3u8IB5CBt4UWOhY+kuJtv+xVmofhNV5nKA2Lk6QBBtbrUxhgW1paqI6BsDGjSTuRTD7YKLmSIv7frSrJH4Qd1BP5/lV+ZcbDrqHlA5+c1TWwT0NEzhYFesw1fF5Zf+JP1H5UqwYVyJ+EEn239zFHYWJJLdL/8AVMD+lQ0NMvwmMyeZ28BP6US+J3JJg2PpSlu6xBM2N/Fb/S9RxMwQATeTePpRQWP8d5wEYCJ1H/uI9pFZTi47pJt06mtDmcRkwEiPhJuCWuxNovF6yecxAxJYmepLn2rWCJkxZhsgdC91DKWHVQRqHqJqeLrxyIGpiItYC7EnwAofHdeWo+/51sezmXTCyy4rKGfEPdU3lQRpnwkAwOYHkam8VZMFk6HJwgio++Iq3i5IEK2xsJjzgdJo2MHMYZDv3TYwRQWCxCB8U6ZgQJ5HUqgLykT/AMVINJc3w5wqMjsPtCxb1Iubbgtv4VzVZ1qVKqGuPwPhyxqZiAIA1EQP5YoDF4zk8v8A/wA+EobbUZZr/wC5pPzrKZzDcB9TGVaD5Xj6UDhpsTvP6frWyhfbMvsXUUaZu1TkyVkHqCR7EwfWhc9nRi4haCBpC96JOmZYxMQTO5sd6FOFYef0H9a6Uj5e4EfMCPWklFdG0VJO2MeCYpTNYGrlioP+ox9a9l1QK8Gx3ZSrA7Qyn/jBF/3zr2/DxSVDASCAYPQ357f0rbi6MPkdhmG6ts0Hod67mWRVIZwCRG9Bh8JvvaT0a0VbhoinUWUk23ma2OVnjPbPA/h86cTCIglcRI+6y6flImtDwLG72NGxxXI8izER6Gif8S+Dq+EcwqnWjDXv8B7u3QEg+9JOx4jBn/cfrXP8hfmzf4z/AFR6CH7q+gqz7WYj+0UCjnRHT5zy8watwHEX6Ez51zplsnj4knfnb1ihsdLkzE/WvmJ0E81Kz6RJiqstjalB3BNuvKgCJDEQRv3vK8j5T7VHAy8iH3KgmNgQS2/Uz8qkGkW6/I+NfY79wwYvJ8hf8qAK3wgdM/dJIPTz9qr/AIgBZgdL+e/sag+NAZtxpLfzATHtPtQGJiarRJB1eEGTv0j6UnsfRHL5oCbmSSCDtuTNEfbAso28D4Tf+9JFjXp53Y+I3In0ozLsW/5KN4+IRHyLzTcaEmczRe5O0nptNj7H51QxWTO/P9xV2I4VNX+2PAQZ/wDX6VUrWEgTzvTsVAeEjFbbkHnvPX2+tWhO+17CCR/tufyio5bE7ptcEyfcD5mvsHd9NySI9ATPtNW2SkX5jF04TNpGogDxAHe95t6V9lzsgsx7xHWOXn3qrdHIcLvMifuwQJ9bn3qkOfKAB4yWBmaS6GxguETjK0iIBIOx1gk+0kVbi4IdzEbiR1FhIjYX+dCYr94OAYAAUAC8735RpH/VRbkgllsSB08P0NJsaLM/cAxq6Xg27pIPLasxn2JJjveYuPMitW6gYYJIMSSJj4u/B6HvT6ishxHMapCIRO51SfkAPetIEyFrYbO6ovxMwUebGBevQcnlw+IqiRhYcIDyAWPCL9fHpWU7K5XVjM4/+pSwgi7t3UUTvcn2rTZ/N6FGVwySzScZwZOpviSfqelqXI7dD41SsLbOI+J/ptITuhgDANpv8JMLI2+hoPjTlGCF9RRDqJ0wCbgQdrLPPejOHv8AYpM91VDRGwHS07gW8SazWezo7+pSXaTLbFmsTpHyU22rOKtmknoF41mFBZFuxgmJ5jVJJ+IwQN4saT5f7o8Y+Zq/NoVZp8BafwqY+Yqhd0HMXPmxn6R863SqJkpfocuNvWh8Rr1a2Opjr/YfmKFx22Pj+dZJHdOSrQPi4ndYdNvX9mvduH5gOiaGR10gakIMiByH5TXgbiZHXSPc/wBKfnI4SrKsp2k2mfKtclE4pJz/ANHsOYzuAp04uKik/dLKCfTc+1APxfJH4XVt9kc+FoWvJ8nrfUFYKgNgFX9K46EG7x6foZHpR9ruifqVWei8X7QZc4Lrpd9SskMrJIIIIOsAm07A1mOzCacFF8zbnJNJHgIdI7/egEd4zIkQeh9jWr4C6jBQiPhFZcsnJbNuKKjLXoODEkRPxd4eIAI8oImi8MgSOpAPTmR9aXvnRBKxE6ttwdJ3Hmap/jyJ1R4X3Bm3nvWXkBo+J3tOwaL+MCKCfFKbfdmI6AEke4+YqjNY2oIVMSNxzII29AbeFUu5IjlfffSwIMjlFt+vrVCC1xOYbe9uovFXtjCBHMbe4/8AalCYxVGBF1LR66THib/SicviSSZFre+x9zSAIxnEATETt5R+R9xQ2rVpPMAA+Ox+QEUO2IdpPMX6yY325iu5d7EGPhEmfvQG/In0oABxck2stq3Av8yfb6GisFogGzEGY56rHbp+VVo0iSdpkbWt+p+VU47kAPy38YEW8dz86rsnopzMsvO5NvVQPz96Iw1WB5UHmMUiRP4Y8Z/pXxXxHsapIVg2BiwBPXrUstmCrFgbQ0Dx6e5j1pZ9qbeVXarR4fMkGrcSVIbYWauIN7zb0t03+tTZwdVvhncgAqs9OYifXwpblT3p9T5iasOJDAwLwfe9JxGmH4+ZJRGA5RYX8DHr8qmc0C4VhIDT53Jj/wAh60uz2MAgkSBaBa0x+VW8OdnxFvB1ET00gsTG0jl86nHyO/BbxniLXAbCQFtelBpZma0vqJbb6eArLZjEJpvxTHd9TWVVkwC0nqTp0gn0FIsRhYgbzvvat4rRlJmp7PZn7DLs8wzswWIuQulSQeQJY+vhXeE3eWkk94yWBM7md+vz23oPHwtOjCn4EU+BL94n3PyFHZBO8CNxa9/3zrKXl+zWPhDLiLk90QF6AgTBE8o95pAyasTQo2vHOwm3tTQbGLXJt6rf2/e1K8q0faPzVZXw3/O9KI5MGzeHLw1iTLbEhQiE87wAfagluwOxNz4XaPlFNeIYOnDDTcoF+hPuLe9L15eIHyAH51reiI/+ibNt5A+5n9KGZzH751bimCfMfIUOdj5ClFGkpF2RMuo370+i3+tOM9hg96e8NrKI9hSXhN3noD+VOMye6x6D69OlTPsUXcWQyeahdKxeWcxGlRaL8yarfF/Yt78qDyR75HIwfaTHvU2aRJ53oxViy0NcsS7IrLMzGwjumSOoAkx1FQwC6PoAZtJEG+kjUL9Nq5wRDq1TyPK80+zYIDQFgCJvqiOvWal0tDTfYJh40AISSQsTsCAZ+RHsKFzmbJ2Hwm1+RAH5CrHa4PVSev3WBpYyzEcyov4yfyoUUTJsdZbN9xVi9wPBgJj1n9zTFsUK0i/LYmyzBJ5yPyrNZPMXki6HWP5RPKL2HtRz4pIYbae8vqP7/KocaKTD+JPpWVMhiYjx0R7AUNmcZgwi092BzIVDPyiu4+J3Y5FZHgNveb0ozOcMjeAxIHkzTfqbU0rCTocjF1JMc1PiRH5XFSwMQFSbBvA7NBXn1v8AKlBOlJHJvPeT+Xzq/AxLBh5GecqTPib/ACocRKQRjYhDgmwIUDx2/Oq0xwV08jqt4yLeFprmKQY3hl9Rv+lVsIjyJnnuT+dV4ERzB0fHzCiD1VBf5R/NSts1c9760dxZyWBPMaj5x/WhVygImauKtEuz/9k=', '2021-12-11 16:01:00', 'third photo');
INSERT INTO `image` (`id`, `url_link`, `upload_date`, `title`) VALUES (4, 'https://static.showit.co/1200/prJxXTmNS_yG8IKQd-w5rw/65154/melissa_brielle_photography_colorado_fine_art_wedding_engagement_photographer_photograph_melissa_minkner_light_airy_luxury_high_end8.jpg', '2022-06-20 23:59:00', 'wedding');
INSERT INTO `image` (`id`, `url_link`, `upload_date`, `title`) VALUES (5, 'https://static.showit.co/1200/cC34vTY9SMWy06FvFYb2iw/65154/melissa_brielle_photography_colorado_fine_art_wedding_engagement_photographer_photograph_melissa_minkner_light_airy_luxury_high_end11.jpg', '2022-06-20 23:59:00', 'wedding');
INSERT INTO `image` (`id`, `url_link`, `upload_date`, `title`) VALUES (6, 'https://static.showit.co/1200/4SXyihjzQC-NDl3AimiDnA/65154/melissa_brielle_photography_colorado_fine_art_wedding_engagement_photographer_photograph_melissa_minkner_light_airy_luxury_high_end12.jpg', '2022-06-20 23:59:00', 'wedding');
INSERT INTO `image` (`id`, `url_link`, `upload_date`, `title`) VALUES (7, 'https://static.showit.co/1200/rbQ3ciW_STKk4hJaQnqLtQ/65154/melissa_brielle_photography_colorado_fine_art_wedding_engagement_photographer_photograph_melissa_minkner_light_airy_luxury_high_end14.jpg', '2022-06-20 23:59:00', 'wedding');
INSERT INTO `image` (`id`, `url_link`, `upload_date`, `title`) VALUES (8, 'https://static.showit.co/2400/9F8ivnO6Qgi4jES8dGpHkA/65154/melissa_brielle_photography_colorado_fine_art_wedding_engagement_photographer_photograph_melissa_minkner_light_airy_luxury_high_end15.jpg', '2022-06-20 23:59:00', 'wedding');
INSERT INTO `image` (`id`, `url_link`, `upload_date`, `title`) VALUES (9, 'https://static.showit.co/1200/CtXdfzQNTg2XhP8dZD2MpA/65154/melissa_brielle_photography_colorado_fine_art_wedding_engagement_photographer_photograph_melissa_minkner_light_airy_luxury_high_end16.jpg', '2022-06-20 23:59:00', 'wedding');
INSERT INTO `image` (`id`, `url_link`, `upload_date`, `title`) VALUES (10, 'https://static.showit.co/1200/ZqAP46WnQUG8cRYoLOcBBg/65154/melissa_brielle_photography_colorado_fine_art_wedding_engagement_photographer_photograph_melissa_minkner_light_airy_luxury_high_end19.jpg', '2022-06-20 23:59:00', 'wedding');
INSERT INTO `image` (`id`, `url_link`, `upload_date`, `title`) VALUES (11, 'https://static.showit.co/1200/d7gr_Df6Q8aT-RKu5j0G0w/65154/melissa_brielle_photography_colorado_fine_art_wedding_engagement_photographer_photograph_melissa_minkner_light_airy_luxury_high_end2.jpg', '2022-06-20 23:59:00', 'wedding');
INSERT INTO `image` (`id`, `url_link`, `upload_date`, `title`) VALUES (12, 'https://static.showit.co/1200/jiscFbubTaC4_AVY2wrSDQ/65154/melissa_brielle_photography_colorado_fine_art_wedding_engagement_photographer_photograph_melissa_minkner_light_airy_luxury_high_end4.jpg', '2022-06-20 23:59:00', 'wedding');
INSERT INTO `image` (`id`, `url_link`, `upload_date`, `title`) VALUES (13, 'https://static.showit.co/2400/VVorWa7UQjGltIjfmPy1DQ/65154/melissa_brielle_photography_colorado_fine_art_wedding_engagement_photographer_photograph_melissa_minkner_light_airy_luxury_high_end5.jpg', '2022-06-20 23:59:00', 'wedding');
INSERT INTO `image` (`id`, `url_link`, `upload_date`, `title`) VALUES (14, 'https://static.showit.co/2400/aN9OO7g-QoO23cVKxxCpAA/65154/melissa_brielle_photography_colorado_fine_art_wedding_engagement_photographer_photograph_melissa_minkner_light_airy_luxury_high_end6.jpg', '2022-06-20 23:59:00', 'wedding');
INSERT INTO `image` (`id`, `url_link`, `upload_date`, `title`) VALUES (15, 'https://images-pw.pixieset.com/elementfield/91338112/Bailey_Homecoming_Collage_1-7cb61e30.jpg', '2022-02-15 16:00:00', 'home coming');
INSERT INTO `image` (`id`, `url_link`, `upload_date`, `title`) VALUES (16, 'https://images-pw.pixieset.com/elementfield/91338112/Bailey_Homecoming_Collage_1-7cb61e30.jpg', '2022-02-15 16:00:00', 'home coming');
INSERT INTO `image` (`id`, `url_link`, `upload_date`, `title`) VALUES (17, 'https://images-pw.pixieset.com/elementfield/91338112/Bailey_Homecoming_Collage_1-7cb61e30.jpg', '2022-02-15 16:00:00', 'home coming');
INSERT INTO `image` (`id`, `url_link`, `upload_date`, `title`) VALUES (18, 'https://images-pw.pixieset.com/elementfield/91338112/Bailey_Homecoming_Collage_1-7cb61e30.jpg', '2022-02-15 16:00:00', 'home coming');
INSERT INTO `image` (`id`, `url_link`, `upload_date`, `title`) VALUES (19, 'https://images-pw.pixieset.com/elementfield/91338112/Bailey_Homecoming_Collage_1-7cb61e30.jpg', '2022-02-15 16:00:00', 'home coming');
INSERT INTO `image` (`id`, `url_link`, `upload_date`, `title`) VALUES (20, 'https://capturelife.photo/wp-content/uploads/2019/10/Tabitha-Nusall-683x1024.jpg', '2021-12-17 16:01:00', 'family photos');
INSERT INTO `image` (`id`, `url_link`, `upload_date`, `title`) VALUES (21, 'https://capturelife.photo/wp-content/uploads/2020/03/Family-Portraits-Red-Rocks-Canyon-Colorado-819x1024.jpg', '2021-12-17 16:01:00', 'family photos');
INSERT INTO `image` (`id`, `url_link`, `upload_date`, `title`) VALUES (22, 'https://capturelife.photo/wp-content/uploads/2020/03/Summer-Family-Portraits-Colorado-Springs-819x1024.jpg', '2021-12-17 16:01:00', 'family photos');
INSERT INTO `image` (`id`, `url_link`, `upload_date`, `title`) VALUES (23, 'https://capturelife.photo/wp-content/uploads/2020/03/DSC_9526-2EDITED4-1024x683.jpg', '2021-12-17 16:01:00', 'family photos');
INSERT INTO `image` (`id`, `url_link`, `upload_date`, `title`) VALUES (24, 'https://capturelife.photo/wp-content/uploads/2020/03/Family-Portraits-Garden-of-the-Gods-709x1024.jpg', '2021-12-17 16:01:00', 'family photos');
INSERT INTO `image` (`id`, `url_link`, `upload_date`, `title`) VALUES (25, 'https://capturelife.photo/wp-content/uploads/2020/03/Family-Portraits-1024x1024.jpg', '2021-12-17 16:01:00', 'family photos');
INSERT INTO `image` (`id`, `url_link`, `upload_date`, `title`) VALUES (26, 'https://encrypted-tbn0.gstatic.com/images?q=tbn:ANd9GcQUtMVIEbSgbrf-bZm23iPdE5k6bTzFbPxdiw&usqp=CAU', '2022-07-24 23:59:00', 'model call');
INSERT INTO `image` (`id`, `url_link`, `upload_date`, `title`) VALUES (27, 'https://encrypted-tbn0.gstatic.com/images?q=tbn:ANd9GcR6GOUuoMXwdJ1-Rdir8i7_WL8rLrxF2Sxvrw&usqp=CAU', '2022-07-24 23:59:00', 'model call');
INSERT INTO `image` (`id`, `url_link`, `upload_date`, `title`) VALUES (28, 'https://encrypted-tbn0.gstatic.com/images?q=tbn:ANd9GcRPwg3mGbUxl4vXyHJ7vnuDJ-M5ldAeeVbkfA&usqp=CAU', '2022-07-24 23:59:00', 'model call');
INSERT INTO `image` (`id`, `url_link`, `upload_date`, `title`) VALUES (29, 'https://encrypted-tbn0.gstatic.com/images?q=tbn:ANd9GcSPJEPS0kN2vFAHWymQ5cKvSylc3m0YWlna-g&usqp=CAU', '2022-07-24 23:59:00', 'model call');
INSERT INTO `image` (`id`, `url_link`, `upload_date`, `title`) VALUES (30, 'https://encrypted-tbn0.gstatic.com/images?q=tbn:ANd9GcQn_vBrS__CeIqIRYg2HP6I2dlZ3uUjlR0Rqw&usqp=CAU', '2022-07-24 23:59:00', 'model call');
INSERT INTO `image` (`id`, `url_link`, `upload_date`, `title`) VALUES (31, 'https://www.jcpportraits.com/sites/jcpportraits.com/files/banner/1901/bizheadshots.jpg', '2022-07-24 23:59:00', 'headshots');
INSERT INTO `image` (`id`, `url_link`, `upload_date`, `title`) VALUES (32, 'https://www.jcpportraits.com/sites/jcpportraits.com/files/banner/1901/bizheadshots.jpg', '2022-07-24 23:59:00', 'headshots');
INSERT INTO `image` (`id`, `url_link`, `upload_date`, `title`) VALUES (33, 'https://www.jcpportraits.com/sites/jcpportraits.com/files/banner/1901/bizheadshots.jpg', '2022-07-24 23:59:00', 'headshots');
INSERT INTO `image` (`id`, `url_link`, `upload_date`, `title`) VALUES (34, 'https://www.jcpportraits.com/sites/jcpportraits.com/files/banner/1901/bizheadshots.jpg', '2022-07-24 23:59:00', 'headshots');
INSERT INTO `image` (`id`, `url_link`, `upload_date`, `title`) VALUES (35, 'https://www.coloradospringsheadshots.com/wp-content/uploads/2018/05/Michael-Waller-Photography-997-web-1200x960.jpg', '2022-07-24 23:59:00', 'headshots');
INSERT INTO `image` (`id`, `url_link`, `upload_date`, `title`) VALUES (36, 'data:image/jpeg;base64,/9j/4AAQSkZJRgABAQAAAQABAAD/2wCEAAoHCBUVFBcVFBUXFxcaGxoaGxsaGxsbHhsdIBsaGxsbHRobISwkGx0pIBsYJTYmKS4wMzMzGiI5PjkyPSwyMzABCwsLEA4QHhISHjIpJCkyMjIyMjIyMjIyMjQyMjIyMjIyMjIyMjIyMjIyMjIyMjIyMjIyMjIyMjIyMjIyMjIyMv/AABEIALYBFAMBIgACEQEDEQH/xAAbAAABBQEBAAAAAAAAAAAAAAAEAQIDBQYAB//EAEEQAAECBAQDBAcGBQMEAwAAAAECEQADITEEEkFRBSJhE3GBkQYyQlKhsfAUI5KywdEzYnLh8RVz0hZTosKCg7P/xAAaAQADAQEBAQAAAAAAAAAAAAABAgMABAUG/8QAJxEAAgICAgIBBQEBAQEAAAAAAAECEQMhEjEEQVETImFxgTIzQhT/2gAMAwEAAhEDEQA/AL+bMmZ1MtXrK9o7nrHdtMFyvzVB2ImIzqoLn5mI+0Tqo9wb9opZKgb7Wr3leZhBi1++r8RiWYUnc+IgfINk+Z/SCqA7JPtSveP4j+8IrFK99X4jDMo1A8P7iHIybQdA2J9sX7yvMw5OLWfaV+Iw9K5fuiHdogeyPjG/hv6Iias+2r8R/eJM6/fV+JX7w3ONEmG5gdDGMSpWr3lfiMSpmHdX4jA6UbmHAJ3EYxKZitFK/EYb26veV5mGlCYTKNIxh5mr95X4j+8OQtXvHzMRAnoYeEK0EExKFL94+Zh+ZfvH8RgXMqFTLWbCFoNkys/vn8Rjk5/eV5mIVIULgw4LMMAlZfvK/Ef3hVJX7yvMxCkk6QilKGpEKE6ZOKWzLUHtzGsNGKqBmU5s5NfjFUcSVKVnoXUw/kCiEnxYHxgCdPq5LjTfxjil5UuWlo74+GuO3s1BUr3lfiMNK1br8zFZwriKpmZCi6ksR1FLtq/zi0Sk+6/nHZCakrRxTg4S4sTtFe8r8R/eOzr99X4j+8IsH3fgY4TFaAwwg8LX7yvxf3ju0X7yvxGGEqNWhuU90EJKJy/eV5mFK1+8rzMNQjvhVPtACJnV76vxGGqUv31eZ/eEKzsfhCAE3jCh2Az5TzKvudhHQuCRynv/AEEdAscx+J9JZHaLSuXMzBaxQpYso2ciCMPx/CEOoqR0UlRP/jmHxjz7ii/vp1x94vdjznf9IHTO7x1B/SzxPkNxR6Wj0iwpNO0b3sgI+BzfCLLDYiVNDy1pWNWIp3i48Y8xkcRyXSFUACk8quvT4CD5eOlrZSVZS59flbZl2fxeByaG4RfR6L9nG4EcMKNz5Rg1cQmMPvVsosn7xVT0OsSyeJ4hB/iKULZV83xNfIiGUxeBuPs2ym7xEU8olpK1zEpSLk2in4dxdM05TyTPdJ9b+km/dfvgbj2MlqR2ecEuXyl2YKvpekGUuKsEIcpVRpezJqFAjoIQYc+9GV4J6VImFEoCYFAIQ7Okn1XceqKC+/no5mMEsPMWEjqW74KersVrdUFdj/MPjCCQ2oEIjEg6jT41DjSKP0rxqygSpZIBDzNPuzmTlB1JNCNj3QJS4qxox5Oiz4rjBIllaqucqWT7RBIc7UL90QcI4kMRmAGVSAgnY5swprdB8xGcx+OmzJaJS1ABISoUZQOVxmfUA/Wk/BMd9lxKZdDLmBKHeiS/IX1dSlD/ABEVluSros8VRd9mv+yr+h+8cMKekGJxT3iTtX2HhF+TIcUBfYlbjzMcMOrf4mDFKO8MYmNyYKQGcKreHHCkX+Yg1KNzFFPxgKnJubPUDQN9XiWXPwRbFg5sPmyyEkgOWJDG7CM+rigU1a6uQ8HLm5kLShRGZJFC1wwPTvijw0mWVlaUsurpLdymGjliWuPGOLNm50d2DCoXYRxHE5S2Zi1N/wDEZ/FYskllVqWH6Rdz+FpxCAuYVIUsUy0yg1CSGq2o6lmjLcV4XNQinMLZku6Bq4679dIEEmVk2ix9G8apOIlge0rK3RVCPC/gNo9GBV9GPO/RFA+0ShlByhSjSgZCgFdA5S3U90ejJWBHbg/yzz/J/wBL9CAGHAm0cFgwpWIsc4nfCv8ATQgWIUrG8YA1vq0KD0hc4hCsRgjCgbQ3LEhWNYDxHEUp9U5j0hZTUexowcukWuCHKaa/oI6KzhmOWpJNuY08BHRL68Sv/wA8jyPiaPvppH/cmf8A6KvA7A7v8G74M4pMabNZV5sxgBYiYTVtSavApLuS7ZnNPDp4xrFpDSmrAltdD5PpD5SHJ1bXp41f9o4uBUAi6S1a2Ga/zgqThJQWyllRAdSWYbJDnSo0FozkGMbB54CnKTS7Amh1aEOLWPaJ03LA2BdwGeCF4pCCEMAauoEnR+pb94L4VJTNnIAy5UMs6khNWJ1qUuawrnSsdY7emS4Yr7NKpgYkuCRUpADHzzeQ6QJMxSpgXLltmDOego4b6vFrxDHy6lWalGo5ub1Yv9axXJ7JRmyUy+ySFJPMFqJIUxCkgmrkMLXiVt7Z0OoqkwyVLRKkrMvKAp1FVCSNBmc8orrqYlnTpipSBMUFPLQoa9SA1wPE98VXEOHKl8q58vlDpQkqZlGgDiuuvSIhiFs6phANABtQMA9KCp6RqF+ok6o0H/UaJR+4UJmis7gFnAcmpNFF+7eBcH6RlSz9oQ9wClmckVILmz1622Ck4VMpeSZkBUk0U5KSKguktUiu9txDezlEqlXYlSpigMxKcwypawLnWN6oRybd6QdKx6JsxTKAUogJSqhIsANCbU6RIeGZSsHNygcqiCyMyszHUhJV9Wzi5QSEqIKcx5QrMKaEFvGpsRFtKnmXLKVKUXCaImKFKsEqsKq+YajjddGUnLs9D4Xis0tIWsZwezOblKlAGwNyUh6dYscivejy3hswIKlTBMUlJTMSpyAiYTYXKj3kWjQyeNzytZlzCUEFIK0oKXCRzpAykGhOWxc+F1lXsg8bvRsRKVvAeP4mmSOZVdqn4axXJ4/MyJBIEwNm5BzULlIJLVBNiA7VucvxjH9uodsEO7AhPKklkuSXZOpazHcRPJ5Fqol8Xi07l0Wc/wBJJijmdaE+QbcsX+URcKXMzmX2ZmILqCwoAoLEFOZVSSwAFWNaC03DeBpQAJi840AYBTVo2jDeu0XUsBmACUiwDUjj5X3s7mo9R0UHGcXMlALlodOrvQ2YkEMdjGfVxNROchQUQQq5fTl1djbu6xqOKYpKQtRFGL2IYAkKb2g3jtGOxGMZTpSMpFQ4Ifx9n94aCXwCXybzBIKZctS1OFoQSkCoJAIBBoPI+ENnYHKM0vNqS5Kh1qKgfTQ7gGLTiJSSSMxGVQDXAbW1GI6ERPJlzJRKAARVth3vaFTcQXYB6MYNKZ01Y5HSEpRRiScy1IL1HKmg3ManIYp1pQVAghKjU5S9eos76wPxvjeIkJBEpKwSE5sxABzAMR1Dh3DFqR24c0a4s4vIwyb5Ivz4wjxmZfpYVlkSJiuUqzZgBytnJLUSAQXgdHpgvIVLlodL5ssxxlblIKQpiVUY7Rf6kfk5fpyNdnhQRGST6WLTLC5kuXzVSy1JoWZ0lJNHqXhMF6RYuYVBMmSoOwWlfKKe1Uqe1PlA+rH5Cscn6NaVxBPxISOsBrx6lcqQEkAObh9gTeIJkv3jTUxDJ5S6idOLxX3Ijm4g+0oqPX9oAmLUpQ7Ma1MRYmaVHKgFtYKkkgVomOJtvbO9RSWi84QsZFW9Y/IQkM4FMGRX9Z/KmOiiWibezy7iaAZ88uw7VdRVznVpe4OsDKlhhUkjUjTYaf5h/EV/fTw9O1m0/wDsVESUln2qbU8BpHW2ecSyVpCglbkEjMNW8PEw+bJUSVJByA+sR1pU2LtCYRaadpMBSMzIDpUDQhi1HbWLvGT5UuXLStKlJUXqQ+jnlAch6UEByHjG1dlIhCyFKLVALlt9CIJ4VicilArKLEqCXokhTZtAS1vizQqlyM6gStMpwE0e5uodHJ3YRHxJUpCmlpMxJA9ZyEl/5GqQ1O+A3egxXHYTiZnaq5CrOcqjlSXJ9lTC5EB4xakzAVZszuRlKCa1VzWq5h+A4hMTLygqSl3o7kkkaM1h5iJcN2ZJVMzJFeZypT9xO/WNVGcmxcXwpkdpLmBYDDKKqS4NwQGA8Yr5wPuvV9h1c3GsE4ufLQXQkKZ6uTs14hRMdQUAznXa9PL4xhXRy5hmLzBAJFmH798Eng8xnWlv5c0vWz8xIr010hFTClOYywQAwUb11BHjAeHxMzMFMphQddPERqNr2HfbykJdCSUsCGCg1dLOxZxsNoXjWIAUgUCUpAZIysHKiMpsa/rAiStanCVEuGYNUlgBo9o13C+CBZklRTMKVKVMKuYKXlypYn2UqBFda7skpRi9lMcZTToyOAxcuZMSha1ywpQCWCVhyWZXMCnZwDG3wa1IGWWgu6vWIXfvoAwA09WtYK41hiuUUGWhObOPZoE0cMqhHQk0ttNMlhCTkDMcxvX3q/072ptEssuVUdeHGoXeym4jw4CZnmKd05wnRNSGBNSaA9HasXHHOHSlgnLoCluo8rMH2EU/pBxyXKWhDlakJLhLMmjvmOuUv4juJfCuKIxEpKyUslpbUQQQEhKOYkKUpwwG52hXCSSYynFyouMCUqlhnAAytY0/tTzhnETlbmITskOfA1eBZOKZbMWYGrgsb0eihR4OUM6SzP3/AD+ETQ7VGW4hiJS8xCVEsQxUwBKcrkK2ikOGl5iqYDlZiQVOLsoAFiHNekafGy1aqVl1CUhQI1qaAOdYavh0paGAyLFlMEhYfmSqjA3q3R6l6p0LJWVOAmnBTEm6VsJiXezkZa3APjbu3yJyJkvtEEFy7jUECtNG84824lmTLMuYC10KsUH3eoZ21/Qj0Y9JEyx2M0nKTyqsEGrhXQuW0HQQXFtWSbSZsp8rI6kmlKDTVnEESZ2cEKqG1Dgvox0h8qenLr17r3+rGIFsmYyNnFG13a7h4h0WT5FbxHgSQTNkJHaAeqXpf+HVgTSnSjWjL4fh82dmElISkkOWyCjsCq6uY2D26RvV4hqG+rPQRH2qlPoB8osslKiLxKTspkcAkhAE0JKgOZiQCdSdVGClTEpSJctISgWyhgOgaEVh0qUylKOrbw+VLqKsmvK0Tbb7KRio9IHlkqUKkN8YLUonlbl74FxONIWGSyd94jOLFdtTAoZyJe3KXZNBEXbZ0kEsdoGmcSBZKA8LLBFYNUa0zQ+j0n7tVfbP5UwsR8BJ7NX9Z/KmOiq6Jvs854qhS583IkqAmzAqzjnVYm1IjlTMqsqAEg0KlF7ipUW77DSJ8Rh/v8Q5b7yYSHLeuoh+tYr8/IXZwbgMLfOOlr4OEatDqAoHIqaU3LWEOXjCaTCVpDgDMaV0O39ohSGblNDQ9Szn5ecNXJUpmSp3JZyHB6+UagfoPyovyhqgKdn3IPhC4mesEzOVSl+sU1c7Kfuh2Gwi2GZQTplbN8fCDpSMqg+VQBqCEkNsxBeC0EA+0DKXYkkOkOHBclydRs2vSGTZjqKkhKEgjlozDUsKkwfiJEqpYPzEBI+HQd0VUuUrOMyeU8pcUY0e99oXYGgjEcWMxirMohwGfW76COmJDIISUkioagYtQnceUFy1S0gJKFGvMHBDaAMLfteCMVLROBXLmMlJCcpBTlJowyu4/vA6Dxv2V2Bx65agA4CmSQ5Ts1ms5tDJ61e0SQAyTX1dg9d7bwSrBCXlWClSBQVYvo4ofhCGYFzCVA9nmSCBRqh2ajgPeA6NXoL9HpKppQTmKUEnVipxkBVuHJYVoNI2snBmUgKzVTQu76M+gFSG6jYwTgJSZctJSjJTlTsLt37wBOnqJUUm6dRmBBDWjpx+JzXKX8XwJLy/pvjDfy/kBXiJczEBAQpJSMyiq3rOQmtXNOgzQbxPEsG7ncPZ7ixig7Ey15gqtHU1WGg2dg/do8Q4/GTpswSsOjOvLnVagsLkAeP+I5fEcEnZ0YvLjNuNfoO9CSmYnFTChCphUrnWRRJPqm5AbmO8RLwiMPiZsuWE/eS84CXKUqSUhkiwSSVNRw56CKHhcjF4OalKpIImqCQlRDEsblKqEM9SKO/TR+jHDpmOxk6apYEtCShSgmigfVSgWAcKW7uBl3gcG7oKmklfaO41PmTVol4UFcxaAq1UB0oc6AknWjCIUzMXgJkr7TMC5UxQSqr5VH+ZgaM+14tJHDTh+ILEwFQmSwmWp8jlKnCaEMpgaOzhnqIf6VSzMlLT2SVLKwQkrepUyVKdwEh3LM4BFKGJqKj9rRVycvuTC8VKAqCWINDWvTU/XjXyVLJdAB6OQfK3j+0GYFRyBK6qQyXo5DDm8YSZhyklQc6j4uD9f250zoopuKNMUCtJQoDmf1VBgDmI5c1SxjLT+HKQStjlfK4sD+muusbbHGoMxOV6FJJqKAsbP1ERYbhSpiiGaVrZzoQGDFxr1rWkUjOkRlAB9DlziVC8kH1i4ANOVAFwaOKM70qDocTi1ITllglRUyTc3qe4fpD5mHCEolSwEiwZ6Xc/q/fE0uWiWwfMw0ue+Jykm7HUaVEcu7BvjXfvjsQFAEmhNtHhJqyKs3XT/MPEztMpIoCz7+cIhmCJypOYjnhe11djvCYucxdgW+milXi5hWQzk6AWgqLaNySZYZs6mJcRCsBRy0ERYaQQH12hFp3u8FBadEBlHNlSPGC0yz6r+MKlJSW3iQlgzPBbsCjRb8BT92qvtn8qY6GcAT92r+s/lTHRVdEW9mB412nbTUhm7VZqwBdRa19vOIEIQ6VAqq1KHvFtKaxFxPEnt5or/FnB/wD5qYCB/ZcZno1emtIs20zisvZiUEU7nJdx3RCULNFLASbgX89P7xVYZfMjYPfU92t4nmTFbkDy6fQMMpejWHjKGCXA1JUT5vrD1y0OTmILGx8oAQsZQFPX94Iw5L5gGFgSN6PXxguSGSHT1hAJSaquTSwe4vECscoJTqWua93i0MnzhQVIsOux7qtA6cinBHtEmhZqVfzhRG9hn+olSQCLFne4+miHBTKgAlhmNT9PDp8lZLdlMAACnyKsRQ2ZutoikIKA5uzBm1qTCbexkhk6aSbkjMfiP1YWg6Uj1EChUwNGLqLfB28II4Dwc4gqmZgkILDlzZlXIvQAF/EbRdSuDSu0lKTMXmTMlq5/VUxSWDJF2VYlrd+UlyUR1jlxckjScUndmEq9kBXVrFPweKjDT85ZNalA0o5UC+tHifi+DXMQEdopzVJKspBNHyIH81ASw1aGcD4cuWkFbFmIYguWZPUv8bx7N0rPKoqOIzW5tCP2/eDPRFaD2iuzWmaUlGcMy25kBBPtMa0qGvpb8N4eUATFslSRygtQkMVE1ApahrWK7EYrOtRSU5iGPMKlgQSMozKDXrQRzTryG4Rf9OqCfjpTa/hL6QYBeIUiVKUpMzOkhSiCyci0LIZjmOYfi0aN36PcDl4KUmVLrqtR9ZazdR8AABoABGR9B5JVPm9o5UMikkkqAuMoUSVXQpVSfW3jeEFx3j51+BMRWP6f2stLIsj5IznpjhUzDKSQeaYzihAyqJY6VCR/iLPB8MlyxmIBU12aO40E9pIJ/wC5/wCkwj4gQ/F4lJYDNfT5GH4RbsnLJJLjeik9J8IEI7SWEpqAsWBBoDSgLlvGsVeFxjgOx8raWvp9NGq4kAqWaAuLEON2I1jHTkFKgAkKJZgCTU2A8XuI8/yoKMk17PQ8PJyi0/QfhsIVnIqqAHJ2FadT1gpZQgMhgEigApWzdBp/mJMFhilOXve5dVHr0taB8acoJ0S7fB/0HgI570VbuQKmUc2YnRm8oVKSFEmghiS55vAdYjx2ICUhPfX94UclmFSk5gxD+MQzlKUwDBvnDOHywlDuTcgR0vDlSxWiak79INbMnobKwswgFQBqaDWOXh0oGZTZjU9OkHIWRzWSbbxX4hAJNSdaxrGSFWAS6abQqpKUh1VOsVy5pe/lE6J6tQ/fGN2TzloKXArFbNxLUgzDrd3FI6dJQoumGXYrjSDvR0ns1/1n8qYWCuAyfu1f1n8qY6LWQo8m4s32idv203rTOqB5iwabAau5+qxeowsiZPxQmhZV2k3LlURXOrTxBcnQ0NYquIYVMtRXLBIAqCXyGrauxrHQ2ro5Ppyq/QxMxKQCACq3d3PEZntarnUsHqzC2sW3B+DdqlK5jolk0DsVktqRyp6+W4l4r6OATOzlKZuZlPUUBKSXLDq/6QqasKxSqwDAqddQ6XcvoGa72JPW0WePxBWkZSzl92pSg1iXAcKwmQIVMX2p9tJYd2Q0y6b1uIK4dwOYklS0JJBOQKKSlLOErUjmzDUI6VhZSVDQxyehnCcEgynWhBBLh6qCRUMRZySfBMCcKw0pEwLIUtIJITQgs4GYm4DWoNyLG4xuLVlMnOyQAFrU2aZRuY+BYCK48RTKmJCUZ05XSA2V6O5bo8JG3f5LyjFV+C7XiVBClFJK1FSm2N8qTqQDpv3QifRmXOClrmKlWogCr6sQ52puLwJPxC5ywpC5YFBkUCWIqWVo7aRfSVl0ApDlmNQABYs/T4Qjk4orxUrBsDgk4eWmWklRGYk0AJJO1QWID9IOlrlPmWlzd1MQO7YQFjJjKUKBh+z+N4j4LLzuTVnOXR/P4Qif/ofjSoNm4RRzmWrKklgGBBBQk1JqXKjd6RU8QXilkBCsofMV5mOUMzWF67UjUTVhKA5SAwqaVA3NIo8S6gOdOVnsWNeig+lY96C5QX6Pn5PjN/sE4auYpMwTZi5mVwlsiQHTr6ub+8Q4SYTmZRFECwF1qrVOX1elydoLkHs0qTy5lKfmUUu+WySC7BPTWKnhIUJhzEmtSVKTQBRSSEuKhja7+FscIxX2qiU5ym3ydmu9DJzzVUIoDXJXmy+yTp843T1H1vHkXCuNqw09kSxNJCgRnCWAKFBlAV9bUezHoEv0gT2U2ZNSJQSzAqzFVHpQOaMAKxy5v9WdOH/NAPG8cZmLkSE6K7Qtsnl/91U/lMXS5Yd2jEcJ4iZuMQopqRMU5uAyOW25v3Rt+1fSFqtGk72D42ZllF91N8a937RQcBloMxSpZcKZwCFBKuYqtYmjwZ6T43KUIBAZQzOCQA4uAbOUnueK70blgCaU0StayGqSAEjloGcnodOscXkytpHb4sWot/JowgJByqJ7y+lS8UHEJuZdDQMPEMXr1MXHaAp12/QAPfvijWsVKiN2F2F/jHHP8HXBEQ5SVFyoqLCn0IgcLcKGtTEC52ZzQOadGiPDSSslydQD1hCy0izkLKg1EpTQUvEill+WoZzoIEStSQUliAwpoBvvEM3EGwLtWkE1Fgz8rt8ID4hNSlxmBLRFMWZgcFmvCCWABQMTUmAZA+GkjepgpEskMbQ2czhoJwyQE1MMBjJaUppoYHTMANIlnEGthAvZk1TBQGajgc8dmf6v/VMdAHAJauzV/WfypjoquiT7MQlMtGKmmaSkdrMUWfmdZyvrard28XWDxfapXMKQEkhGdSWKgPdBNL115e5hsVgJap09KEmYsrWpSlk+sVKF/YSOlWDVtHcVmEBKUlJCEsMoyh9WS9B8gBDSlbpGxwpWyyxfC5gJAyuMxCXLsNOpP6wKqUv+GtNW25suzipERf8AUAypz1IrsSToNH6xccMJUlSn51l1E6BqJBALimwq51hR7fspZXCJMtphlEpCmdRUz0NibQdMx6FlSZZyhmDPQ9RpBGLUQlWdsoQokUYkOadaPFNLnSwWSA4uBq+vW0Z2+zRr0TI4OhY5ypSiXJJqTTXR+jQ2Zw6QkplFYSbqcOoijAbX6wTh8QQ21K/X08SyMI61zMjXCVFTqLs5p6p+mEJyfthlBapEkrACWhJSkutYy0ysk+sTq1E3Ny3euD5phU5BSBToSzjowI/vHcRXNmL7QAJRLShEtDv7Sc6i2yWNbAE7xT8JmzCuYpRA5Ey0sdFKd9m5SRU3gPabGWmkXeNkOlUxVwOUeVSRbWkG8Fwhlyxmd11NLUcDvufGAuHTlTyWB7POMrggFAZiCzF1uOoD2vby5tXOrMGNQHq3Vz4AQiuqDJ2Z3jEnJiFEsSpCQHccpBGUDvSotTe8U2MnLl1lqKCXJIN2a4sfF40HHlhc2WRoFDXQ0+JVGR41i2BIGh760/SPdwyvFFv4PAzQrK0i04Dipk1M1S5jkjISCAcqQD6jZSSVna0Pn4sS1hVUoUCl1PyqIocqVHKkAJTe5cUtnuAcVVJQtITmJOYEkgAsxLCpJprFqOIoVJK1j7wOClI5RXMDUksQqt3Yxb6yjG2TWFyk0iHiFcRMzVLCzhnFgb6fGNlOwk3EsuYcklISqXLDVJSk5lNq7joGjI4iQpRRP5QiYlkgBmADop1SX3oXj0CVyYNBOktP5REJOM5cl6LR5QXF6ujC8X4hMkTZc2UoDLnQQRQ/wyxHUHTaNZ6Mek02cvLMlJSlKcylpUWeyQEmtam/smMl6RSycIlRBzJV2he5C3DeGdH4YdwTjcvDy5qV0JCGI1yhQI8Ht1MSc3KLce7K/SUZJS0mg5HHJk/iM1Ay9mnM9C/KAlqmgzq2EbHg8sBKkp5RcAWq70sdIwHo7KftsSzdstSkjUJzKPmSTroDGi4RxPJMyro7tUm1S79HPh4xwZp3L9Hfjx1A0OPnZQCDZxZ30PwjNY+cxBD6hovOLozyyUVHrAjfcbgOx74ymJqMzVeodq9Yg9stj0iTDqYswymtR4AiCzi0JTS/WAJk33bgP4bQHMmqmDM2thGqx2W6MQJgKRSl4hEnJq7xXYaYUlzSD/tYLqamvfGaroEfySSVp9U+MT5wKPSK1c7NXyiJeJKRZ43Gwt0WkiYguCYICwElIL9Yz6Z6TUUieRioLRlQWJpNFGDsMpgQIolLN4nl4xhGozo1vBF8iv6z+VMdAvo1iAZaz/Ofypjoqloi+yr4tOTKMxCAxUuYSdnJzKJ3NugaKBagtSUv1PW1e+LLjpGeYT/3Fu22Y0pcnpGdnLLvYlgAn6+mjRQ7dKi4kSpctiUlXU373ZotsNMJJMlb05kqLFqOAbFqd0UP2oqAp/m1j4RJLxGUugtdr/VevWMGSVaNEgpnJIIdKXCk2L+7WgcxR4rhyJawoEmhYO4SQ3ncM+0WvC1ZUUScyi61OFOohyS9R02oIh4lPSTLUE0BYnd7fERiUdMYlSUJTmdybAG/Vohx3FhLWAoEFttDpasPJIcqTQer/Nuo9IHHDBNUZiyT7oslzQADw+UKqW2VkpPSLPgMwTM9zQkA1BsS+/dDsDLBxCxkYLQhZIDh0qaoZnKVkfHSCuBy8hUEhxlq1KGgD7kt5GD5aEpUWqo1JDW2G2sLKSo3FpkrEMAK9NHt0tCTEMlyCbubG/e0MRzKK6pdgzhTM49YODQi3WOxS0gXr338ztCUNZScVHOgswbKBrcqMYni8mikk+oST3FQbvd42vG2Al5iwAJc75gP0ig9IEIXLUpAokoSS5ckjOzbCm9To0e1g/5KzxM//Z0ZzBpdJa4q1ajVvBz3AxHiCahJNaMNekWvA8M6Z6yOVEqZ4KUlSU17s94CwCHnywxLTEFm/nBL7C8GUu/wCMevybzieGbDMwGRKSGcjlLd4OVx4xc+ki8uHTLHtAJ+Qiq4gvtEFJ1SRS1QQ7Q/HzjMwsqY7kAOOooalJao3jmwP7Wjp8hVJNguPSJkqZLNHSoPtSh66GPPMSorUEihUQPMgfrG4xc09nMCXJKFN4pLN1jATFFwQbEEdNRAwaixvJrlE9JloCEBKaBIAHcKCIJ5eoLK0IdwQ7EdYglYpS5aFFnUlKi1gSATe2sF8MlqmTEhNcpBJqwrSxFY5Wt7O7lotuC8Qqe0cIJyubBTsQbM5rAGNwikA2ICstxs4PX+0XuLwwMsoAAJtS5b2vFvOKbCTygmWo5pYDKTqkPTR2HjE2KivHMMqu4HzvAalKllgQQaFv1Biwx0hlkJIZ3B72gPFKFioA3b9QbQEV/JKvD63G8NRPZ00Yio37obhcUCljrS9BEmJ4eohwzaGN+zflDZUsmj9YReGJiFKykkExKjElVDcajWDs2iCbLFoYhwWg5Cx3wMUVJjIDI509QtDUkq0iZSISUpjBAaP0Vknsl/7h/KiOiX0Zmfdr/3D+VMLFE3RJ1ZkMXPJmzZYv2sxq6doqm+/wAIrzm7R9Ej9q/EDxheIrKcTMIv20zXUrU1NrPBWGklS1qYihDEWc1L3JhpaYuOXJUKogc6t6Prp8ImQdw76N01jvsYTlUVAsBtT6rBGDWFZg1KMT3ufOnnCMqn6LPhyyglMwtWj7tUfW8DY9aVqUmqR6oISCHAdy5ajaVhMQSVBIJAo51PfEapScoCKkmgvWunWp8YyTFlVjJfEFqkrBGdYICAzUNUlQe1FeCRF/h5Jd3ASjlzENZLOPF/jA/CeHiUhSlipYkbJALAjepfvEHIxkuoc0ZgNdtGAoPOJypvRWMnWyXDSwEkIBFjVnOgobC/lrDjMI1ANdsyqEBPNqdhDpK3qkqSSS7uXLaHV2t10gbEoVmUJZZKSHO6kuAAQzMSSe4dHWjWSzFkGgLA1DNrWg+PhHSkJ7N0hrg7h73t/eIZxWpRJYO5oHNanu8oFVOXWrAWBBZ+riu9BpGUWG0DekiApIAL8pDt1AFBGZlLeXNRXMUhgLnKop1tyrXF/j8SqZlzEJCM2YnSwsCfLrGSnZ8k1QSvmUlmcHI6yRTchLjpHs4WlhVni54t5nRb8HUkYTEs1XF60SKts6xWKjhMwDEywWHrbay16aVMA4OeoEpSnLmSQaFyKKv4D4x2HSO2So8qUqTXuIYeMK1ak17Gjpxv0bibPpbyg7hkwTMLNRQFKmNQWBCS/c2Y+EUH2h7OYikcTMuXO5Sc5LF6tlCWZiKMPMxzYpKL2dWeLmtegmVOcJ0oPlrGZ42jJOU1iyg3UV+Lxd4RXIk6EBniu4ykKVQpFAHUWcAElhoKs+401WL+4bIvtVhvCMSVSU7jMk+BJHwIjeejkvJJzH1l8zdHYM1Wp/5R5pwGayFAmyna9wA9P6THpHBZgTKlzDmLIQALuSGSGb9KfOeVUx4O4os8StmBID0BIAq79PprRm8ell5hVQSxZw6Rdxp1DaRPOmFUx1kjm3YppbIQAqpFW1huO5ZjOSC2YgVLnr0fXeJtDxYHLKVAOXPc2tOtIDxmFoeu2teuvTpBbAFlMAaO9LMFP4/WhCpTCpCrEF2cFtu/xppCPRQoEIfMaWcN9dIk+1KCWPziTFy8qsyRQ32r+kDoRQHvbu2g9m6JESwoAF3NYhKsqgxLQ9C8r5rH4RyJgsaiCYVSKOguDECMURymCZJSKWgfESQS8FAafomOJ2jkre0CoQbw6WopjUa2az0U/hL/ANw/lRHRP6Kzk9ir+s/lTCRRdEX2YHHIz4mcKn7+YCdhnVrF5PUJRCUgqJdRIc7AinQP0+EUuMUPtU7QCas+OdY+Yg7LnUGWDV1KegvR9+n94bItiYnSddjcfMCkqKVZnNAQRUaHyZ4WVPUfZLmrM3U3sO+LXCYLKQpID1JKmfRm2BD2c9YJw2Flg5gM2pUvTcpTbTVzCc4pUkUeOV22QYbDTCCcrAtzEtqKgXbr3QQjEiXbs8wDBRJOUVFANevfCrxKllkqfegObXw/tDZODzKBFWLFrB78xHN4E3gXfZTjWxy8USLAtYuQLWy6ecRYdM1ZORBSKEkuANO490W0rCJF6hi1qeDxKpYd9BZvj3CFuugtWdh5SpYDzFKUS7WCdLip1pathD8zq1LfChrS3f8A3iHEzSAVKsKsLq6D4XiAYwtWj1pRu/q7wuw0HZwBWhuC9mPz18YpOI4wqLIfv8afJoJnTC+XNUs5A02rA0yUE5WBNaln37m2hkjMrsZhliWTLJChUsA6qVDHwPeBGalzFCYMylKzHKQSokdWPX5xuRLIFDaGzE6kAnctFFmaXEk8ClLl0ynVgyUijWO3TUUBeK1XBwDzS1gWuFC2jFwWjRLxOX1kk7N9Vgb7UCXDsO762gRyyXQ0sMZdlJ9mKQyUzDYOQUADdzS0Mx7BPZozFQPUuS7knQVMWuKx6S4DlhsCD03HwvAyJql0UkAgUBN62H1pBtvbAoJKkDfZJqJbggCxKlM3iAf0irIy5lqUFFKSlIA5Q4am4AMaATAr1soSad16vprYx0jhclyQAtjV8xbqxJB74eOWlsnPC29FBwXMVFkOCAHY0L0L73j1bgk4pQhLJUVS0FIOqkgIPxA1/VsdlS5ZJS2rDy6Ui54Ni2S5rl5SBrVx+YX7ollneykMdKi4xOFUVlSlJSrKC9cpNmUHrcUF8ul4ruLy3CiBaprQ3FOl+l40eMw6ZgfKCS5BYUardLt4mM5jV5XQSQ1S5YV1PUv4tpABEqlqL0L+IJoKUHX56tE0qcRQl02Y+VDQhrvAxRmJrysG2Y2r517om7Zg1TQmhsRevdt1jNDoVZGUggM+7/L5xVzEqSXFU7/pFqgAAFnTqwbZv1rDTLSXSQCL5gaj+0J0OVmbMn6+UDJGU99O6J5skoUQ9HZ94RGGUspQgFSlHKO9+tB3wyFfyOCgXCrveJETB6pvDxwuaUDkoWY5k+0WTc0c+WrQvCuEzJ0wIFmBdxYpSt81QAEqSSTbMAzmhUWxXJIEUCkwQsAhx4wTxLg0yWsJDqcHlLPRIXymgmJylwRdlBg0CIws0H1CwC1GqbIXkWb6Kp8bVjODs3NUaX0UR90v/cP5UQkTejaVJRMSQxEwghwWOVDhwWjoouiTqzPcR9Ep5nzSlUtlTJhqtQNVr2l0vFxw70TXLSM5lqVWoKgARsnKx1v5CEjoplRLF2Ef6bNNRkc+8SdgPZpQ1hyOFz1ByqWBSgJ3a+Wm8dHRLijoUmHYfgSwB/DJvVyPy1MTnhswA1l2O/ft1hY6Fo3Jgs7h04aywBSild/ugCHK4VNCXdHQOW2ry1EdHQeKDyY4cKmkVKHNHcvv7treUCTODTGZ0VoWKraad8dHRlFG5MWXwmY1VJ3NSfBiOsTnhKx7lP5j/wAesLHRnFGUmRf6PN3R5n/jER4JNLh5deqv+MdHQOKG5MHxHApxcPKYsDVX/GBP9BnOP4LAAGqq+GT9Y6OhlFCuTFnejM0sQqWNaFQ66Jhi/R2coMrsSd3VbWmSOjoakDkxB6OzUlkKSh7stdDuHTE3+gzkgJT2Ls7kq/4Obx0dC8Ubkxs30fm6GU7B3Kq/+NKw7hPAJqSoEyyFZRdVGN/V6/COjoziqNydmrlcOWpJBIfUhRfQ0OV7vAk/g0xR9ZAKS71LhyCKimobYs8dHQqQrZV4jgEzO4KKtqQ+78pbw6wPP9H5oc5kOHHrKG7Vy93lHR0OkjcmM/0KczZ0MNMyv+MPk8EnBuaXcC6tt8sdHQJRQ0ZMdivRuaVEZpe4Lqd9PZgWR6O4hJIzS6gj112Yv7GoJHjHR0LGKC5MeOC4oKJ7VLkhz2i3LPlc5as584I4dgcTKU7y1M2V1q5QKZRmlqGQihS2iWIIeOjopFLkJJ6B8ZwzFTZucqlUzMCtbMoBJHKgUygBvNySS08KxRd1y3LvzzKuGL0/lHkNoWOhqQlsu/R7hc4IWVqQVFZNFKPsIF1B9I6OjoIls//Z', '2022-04-12 19:00:00', 'family');
INSERT INTO `image` (`id`, `url_link`, `upload_date`, `title`) VALUES (37, 'data:image/jpeg;base64,/9j/4AAQSkZJRgABAQAAAQABAAD/2wCEAAoHCBYWFRgWFhYZGBgZGRocGhgcHBgaGBwcGBgaGhocGhocIS4lHB4rHxgaJjgmKy8xNTU1GiQ7QDs0Py40NTEBDAwMEA8QHxISHzQrJSs0NDQ0NDY0NDQ0NDQ0NDQ0NDQ0NDQ0NDQ0NDQ0NDQ0NDQ0NDQ0NDQ0NDQ0NDQ0NDQ0NP/AABEIALwBDAMBIgACEQEDEQH/xAAbAAACAwEBAQAAAAAAAAAAAAAEBQIDBgEHAP/EAEYQAAIBAgQDBQUEBgcHBQAAAAECEQADBBIhMQVBUQYiYXGREzJSgaFCscHSFCNistHwQ3KCorPC8RUWM1Njc+EHJIOSk//EABkBAAMBAQEAAAAAAAAAAAAAAAABAgMEBf/EACgRAAICAgIBAwQCAwAAAAAAAAABAhEDIRIxQQQiURNhcYEyoRQjQv/aAAwDAQACEQMRAD8A311nzN3jueZ61A3H6n1NXXXBZteZ++qzHWrEVm+/xH1NfC6/xH1NdMV0XAKCT7M/xN6mvsz9W9TXxvVE36AIs7/E3qaj7V/ib1NfNdmoTQBctx/ib1NS9q/xN6mq0arARQBw3X+JvU1A3G+JvU1d7RaBtcWtO5RWGYcqVj4thIuP1b1NS9o/U+pqQcVIPTCivO/xN6mud/4m9TVheuF6LCis5/ib1P8AGuh3H2m9TUoNcZfGixETdb4m9TXRcb4m9TVZTxr4L40AXC4fib1Ndzt8R9TVU1wtQBdmb4m9TXxd/ib1NUwaSdqeIPZtShhmMA9KG6VjSt0EYnjhS8LRZteeY6E/OmaYhjs5P9o15Y2KLN3iSx1J60TgcY4vWoYiWgiTrWSyu6o1eJVo9O9q/wAR9TX3t2+JvU1VrUSDWxiX+1b4m9TXPaN8TepqnXpXQT0oAtDv8bepqD3H5O3qajr0r6D0pAUvdf429TRnD2fKe82/U9BQ7IaLwCHKfP8AAUMEY58Xdt3bmV5Gd+6dY752o3Dcf074g9RtS7itgrdczu7mPNjQTPG4NZKTNnFM0w47a+Ij5VRc7R2hzY/I1ni43iouwPKqU2TwRo07RWTzI8xR2Gx9t/ccHwrCPZBOlQW2VMyQfCqUkJwPR5rvtKx2B446QH76/wB4Vo8HjUuCUM9RzFUtkNNdh3tfCui4OlUGvhNOibKON4nJZcjeI9ax/BDGJTxJ+6tB2hvwqoRIY61nndbTrc5KZIrlyS96R2Yo/wCpv5N+SKkGHWkSdorLOiBpLCfAedMreJVtFYE+Bro7OUODjrUhHWhM1dD06FYVp1rnzofPXM9KgsKkV3ShQ9dDUUOy29dCgsxAArC8V7SG4yokqUfUjYgTTXtdjQLZQHvRMc6xGEtssMwAOUkydaynPwjbHBds9U4ZxFbiBuex86z3bDFKzJbnYEn00rOgvkADHKROhIND+0LsGck6R5+dQ53Gi1j4ysHtoWIjddCfCrluhGRj9m4D9aY4bBQW6RNLsdaK5yw0GoFRey60ep2boKgjmBVuesn2R4z7VAje8o08RWnWupO1ZytU6LPaVzNX01w0wPi9fTXyoKnIoAqIo3ADunz/AAFCs9F4F+6fP8BQwPJeJcTuC9czMGVbtyF8A7QKts8eDiGQL4jkKVcST9feMae2uf4jV3C2ZDGYH87Vi6NI2aNXBw/tAymDB60twWNDvlaADsTpSTEW2Ux/p6UOxMjWhIGzcXcGQMwIK9ZocENsQazlviDgZJkdNYqwcRGXUCZ5aQKNhyQ9bDA7aVHD3HtNmQ+fQ0rt8SykazNMsJiFeW5DlT58VY4rm6NTw/jSPo3dboeflQvEOOwSqCRtm8fCs+HkzX3tQRoOetRLM2taNY+njF29n2NxT3DJJ0O/Kk/HcSRpO41pxjMQFWDpNZ1LAuZySYQfM1nHbtmklS4oAwysWATQzv8AjW47OYc2bpZ27hUQ3j0oLs9hUVM7LudJ3ij8fiRH7I5U/qOMtERwRcfcbO2wZcymR1pNxHjJQyq5gN6QcN44xRlQNlG/h1qX6TnRm5cqqWaTqtE48EU23v4GXB+MNeukscqKCYpqvEla6EXUH7VYvhtgs+hgbmnDd0yNwZ9KX1mtFvBGW/sazLXzuFEsYFLsHxtMgNxgrExFJeJdo7bvkLaA6Afea3llVWjkWF8qfgoxVsm47uZBbTwFBXcCHfTmNCOlGW7rXLiqsZIk00u2wDtEdK5XLydcYroR8RT2aoo6QTQ2GA96vu0F2TlnmKqw22WY5010N9jOzxIKYPPY0JxO4pbJuW+lU8R4eXSU0y60rxJc3FP2gB9KaV7IboYcHxBsXVf7KnK3ka9NtXQwDKZB1FeaG0GIBgFvvrV9k8VobDHvJt5Vtjl4MckfJo89czV3JXMhrUxPs1fFq+9melcKGgDhajsAe6fP8BQGU0wwCd0+f4ChgjxzFBzfvga/rrsf/o1RS4imGJkek0PxHEFcRejSL13/ABGodxOrbmsWjZPQfiyrGS0nrQd22Aw1kVdhsITrEjkTV9+ymXxHTalaWi+MpK6F2aCSKgzkCI31oxcCzIXGizGu5NDNaKkE+hp2iHFkA8mAN9K0/DMOUtkNoTr8qs4ZwpEUOyy51AOwo7EgmZGsRWM5p6R04cTj7mB2wBNJOIYsoYU86bYxMqHXWNKzFuy9x4ysddSKUV5Y8kmtIcIBdSJGYCp8JsZFMRLHnzrmIVcMgCrLndj91Lrl+7nR3QhSdI2p99Cckqvs1WEtnWaE4w2VK5iuLJbUayxG1IeIcS9oIPIyD4eNQouypZIpUjR8Cwh9gzHcnTyqdu2uUqNtdPGhsDxBbKIja5hJPSapxGNQLcdG1UMR5xp9YoptlKUUkRPGEw4YAZrhPu7ADqx/D/Wll7tNdPJADyGn1JkedCcNwN2+xZbZuAzLk5RmPOT73XpTodjHPvuijos/jWvsj32YXkl10I04sXguTMkSJ7vSRUsTbYHfMSJmo8b4ObDlY7sSCfwjeuh+4gnXKPupyaq0ZO7pl/DsZcRsxmBtrTtO0DsrFtxtSaxgbrIzgaLr40B7ZhM86l7KTcRjdxhdpcyZppg2V5IrNM4AGtcS6ywQxHlRQKddm79iVUESQRB6UOI9oJXVtAaFw/aaEVCkxu0/hV9viNp3TvEZtI5A0i+SZfxDCMrI+X3W3o/D4oJeVxlhhqfvqjH8RtohV3mdI31FKcTx60EQIkkbk1SdEya8nqdsqwDDUEVILWCxHahRhclkMHiAY0Hzo/sTxp7ga3dbM41B8P41spWYtUa6okVXdvqurMBOmtSDVQjpSjcGuh8/wFBTRuDOh8/wFFgeO4nhCtibpZpHtbhIHi7GK5inCuMqqABFU4jEqtzEMWM+3uiP/kcVB8QCkRuN652m3s6YuKWizE49QqgtAFVJeBAPInekN+5JgTRC32VACNKOIllGePvt7iqSNIn76hgsK128msgRPgBQn6axOuw2rR9mCGDPEaxPWiTqJUalI0ByjfYbUPcAYk5o6RQuMeJY+6OdKX4koDZDM7HpWMY2bykl2NstpXAdu8dgdqE4txdbLZEiRvpWetl77qoJmd+goXiNsrcZScxB3q1HZhLI2rSNPjna7ZRkXMz7wNqWYvDYgIEZWgfP5UXwnGOlgwyj4Z61ouF41YUO4Lvr5UP2jS5bbMAeGvs6tmO29fG2V7sedaXGcfZLrqIcBtCRtHKk2Pxa3GzBAvWOdPkzOUYrpgeZ2Ik+HyqeIsyrqAToZidQNTVtpRudPGvv9oJ7qsAxEGeflQrJo3XDb9tFyQyxp7rZBA+LarsdjQvu5AObu4RR0Anc/Og+Grbu2kvNcIVQMyhnjOO6RAYKZOneB+VM+JXbCZS+UmFGVSM/9kDU9THIVlWztu0KMfhVxFlpgkAwRqsjoeYrNWOCqEQlyDue8CJLHugRKkCJ1O/KK3mIxSMsIO7H4VkO1kKLeXQMXJIneEgegNWm+jKcVTk0RvcSVFNtBJOk0M+FKW8zLPj08KT4Z++Cdgdaa8bxudVAbToNqqjLlatiu5ZDvvFRGUHLvReGwDqueNTsOooLEYmGIKheop96JcaWyy3cExTfDICAHXugyOulBcPez3c6Ek8xRd/EwSFUiNiaT0VGK7bL8Qlt/f7omQPLrSa7aLn9UndWr8dcOgJ1OldsKyIRMU0Eo2xh2eZDKXHgbgcpp4MIoOa0wzcmBistwvh75s7CVGsc6s/2iM8oIObrR50LpbH3Frbui2mvDMCXknWa5wbjWIsvF050iABuI50ovsbtzNMSKKw1rvhSdxuaak1sTimNL/aTEm8HURZBAIPTmTW34bxhCp1Bht/7Kn8a814jdVUcK5AAgjqabdgrv/t38LpH9y3VKbfZEoJdGM43dHt7yx/T3f8AEaqXxHcjai+K2B+k3yR/TXfL/iNQPsmJiKVhs+w7jmKlccA+HSp4XBsxjSSYFdu4UqYJBgx86LYU6Bpmn1zimSyqouUaSesUgzgMJ1AO1O+HX7TsWIOVfs8ql0aY76Q+sYpbiZW3ZdjSLGWxbJVNmHoaOvY5O9lgZQMp/CltzF594nrSjE0yST/INg8cbLzoc2hqeNYRm+IzXxsoxlt+tV30Q7NoOVW0Y26opsXjmjlyFW4m6+edZGgoN7oB7vrWk4IRcWCQG8RrUvQR3ozl26Z1351YlwAZjsNTWgxHZj3nL6CToKzWNIAC6QdfSMv8+FCafQ+LT2TJe4YVGOsBVBJ16xTFOyWIaMyBOYBIznyRZyjxJFbDs21nC4W291QHcZye4Gl9d2YTAjQbRT3E8StrbFxjCPseZo5fBsoLyea4VbmEvizdJCXPdJgrmGx85yzWnw+EzCNM7TLImUR1B2HXUv5Uq/8AUBluWUu22kK6nMORMjQjQ8tjSzhHay5lW2TDAQCREnmKHFtWgjJRfF/o1mO7gCDQAATOulcTDC6FR9VKvmHOMukHqGykeIFJExTM0sSTzJrScDtEoX+MhV/qjUkjoYP0rTBC5r+yPUZKxv5ekYTjXC7mHYqwJSYV47rdNeTdV30PLWgbVvUZiYr1Wx3wUKhkIM6SsTswMyDB0NJuL9kg4LWCEbmjTknwOpTyMjyrbJ6ZrcTjhmT/AJCO5eC2g6yTsB08aATB23cM+jMJM9ajkuWnKXFKlT7p+/oR4jSg8ZfJfU1y8Wjqc7Vjz/Y6Bg2fu9BvUe0LrKgLED1qPDS1xYDbD50Bxe42bvTA60vJTa4g2cE96rb140LhbvfBNF4pw+sVSIT9p8eIuqkAxyNdw3eYaT4CgbaFjEHfofpWk7PcKu+0BZCqHcnQx4Um0thFSk6IYNzmEKDlMEdKbYpmbM2kCAI5U7XC2bYGVFHjuT5mh8UyFSFUA+FZuaZ0rC6EacPD6usAc+vyrZdlrdoWmCrpnP7q1hs7q3e7ynnP0IrU9k7p9k//AHD+4lCk2x/TikI+1vda4iJALuSY5lySayUsDNb7jnEUS44Ygku2m/2jVeMwlhrWcwoAkEbzVJmUoXtMySXQpkCGFB3Axk69fWjcMntXyZ8snQxNOU4HJyi4DG8CrbSM1GUujLLaB0PrUg2QEKDB5094zwdESQ403nnS9uKBEVAqnLqW60rBxrsDsNGh51ocD2dQgOXJkbbVmXxGZs2gM7cqapjX2UzFG2QqRpDwzDoksNhzNZfitywQfZKQ06k1c+IZve++qnNofZ7xp8X5ZTdi2zZJGtMcO5QDXUUxwHCxdQxOm5H3VVcwKIIYkHxoTV0Li0fYbjzqCGlppPxq4rupyhAdCBtBnvUyvpbUDKdedUYxEcBVOo2J213B8NKVpPQ0/DPScDi7XsLWZA7MiBIGrSAYB6fTSiMfi0hUKFmWZTKYA84gbaVl+x+IDWzh7wDBNufcO3oSPLSnOMwmHJIzKR8IAB/+wEn11qF2daaasWdpls3MMVREtqxUkwF21JJ5mF/CvPeHYdLruuYKxgpO8r0nc67c4Najtxiu4ltF7oMmBoIU5R5xNK+E8NCuA/NSDI0mJ+prpwRcmcfqZqIWmZF76tmEgoAZLLv3m0QaHXU+Bp/wnjbumR0COCFGWcpVhqVkyCqgyNZ06wIpw1AUiCcgksQSCDECCdMsamj8NYAP2dZJ321XePGfnXdjxKHRw5cvPvwOMAhC85Omuh7ug185qZcCRO3Xmd+7B1P8KFxt82rQyxnYhV2Izv8AaM7ADMfIGoYJSoVjLEkFBsDIGd2J8OR2EDzvszqkDdouE+3TlnX3GiDr9k/sn6b+B8yv2ddfmOc16y9wATIO6gwe8Qe83kAT6jrWA7T4UJfLRo4zeGaSGjzjN/ark9TClyX7OjDP/k+4ThciF8xBI01pVj2Z2MnWo/pRBGtVPcMyedcf3OpyTVE8NhCDLEACmSWw5ICyeVKmuyY61ruEWxbQBgMzDfmB0olKlsvHFydIZ4Dh1u2qvGZwJnkCelfYnjEAxvVGKchcomOtKrj6xXNbb2ehGCitFl3Gu3OopiG2kmrsNgGcidB405tcOCLoPM86LGxRYwru0kFQDr1NbDs9aAtsMv2/8q0uQACnfZ8zbYz9s/urTi9mczyntJeP6TeH/VufvtQy4tiuUtoeVE8Ytl8TfgifbXd/C41CfoDR71dFHn77RK07IMy6eNXcJ4k6ORPvbmg7iPAXlTLg+S22dhLDahxscW00WcY4jnGRR5zvNZ98O40Ipri7Bd2fMBrMVYl5IhtT1p0khv3PYmsWWDjMIFMcMpAPifpVr5TBGtTsuVqyAbOdanhkGpYT0q1cKzvAkT6VHiWFW0wXMWPPwpOSD7h2H4s1pSFMVG/xJnXv5S3I8xSsMpYDlWkwqWAolATGvjU67SKTvyZ1nzGBX2Gsu7hLas7fCoLN6Dl408TBpexNu0q5A7AMwiQu7ETpOUGvVuHcLt2kyWkCL4bsdszHdm8T1pxi5OzOT4mA7NcDvWXa5eASVKquYFoJBYkLIA0G5nXanN3DLmJrWXsIG0Ikfzz/AJ2qWH4ei7KPPc/XY1UsTb0VjzKK32IMNwBbi/rEGU/ZI1PSenI/KiB2Twxb3WB37rNp4wSRv4RptWiICiTyFUWJgE+8/ePgANB9a3guC0Yzm5O2ZPjPCGsDOpDpoJy95TyLRoRJGulCe2A+LSBsP6o5+FbPH2A6MjbMpHqN/DWvOuGZpYOpzAkNJBEgQdxyM+tdWOXJbOecXer38Hf00XrtlWMlA5cRElW9nLeYVhAOzHrTPFOQJK95wQEJAbKpJgge6s8tyd42rPYFwMTcZpCqNWmYzhSw0+0cqmNzJPWnmGu3HOYKiSDGaWYLy0AAX1NWyUStWm99y06SSQBrJyqoGgk7fjWU7aaug8HP7nptWtZRmgMHfSW1yoIMkcgaxPaHFBrx5hQAP3vx+lc/qHWP8muJXL8WIxbMywqt7mtX3bgNdXDg5Y61562dVFnBFVrkt9kSB48qfYJiz52eVAMDpVdvCpbQoACW1Lc56CjuEcKIl2G8Qp+81hOVnoYo8Y0y1C7nuLI6nYfxovDcMGcM2p+lH2reURH8KkrENA+ZqDRspa2wfQDJEzznpV6W5kkwB4/dUQwzQG3G1cdwOfOmD2SIBHWKd8CIyN/XPL9laRXHUbGm3Z+4fZtr9s8/2Vqo9mcujyTjNyMTfg/013/EevrF/MIJofjdwDE3x/173+K9QwLiYia6apnnIa2La6lj5CoXcPOxqt7R6xNQOGuTvTpF7L/0SFJ59aWm5lJkaxTW3beN9OdV3sHnMqpYjkKTiKhfhlYjQ+dOcPYTIXZiXGkTSq5hmt7qynxqtrrRpNTu9CWgqxxBleRVeIuZ2+dCq3MirUcDXnSegssNsyMu80Ub+Tfeqrd2RpQcszfOi3Q0bXsEpfEhiPcR2HmYQfvn0r1u0sARXl//AKb4cqt922hFH98t/lr0zBtCIOcCfOBP31vhVRMZu2XFP5/n5VJV/n+f50qBuD+f58a57dRWpJXj3hHn4GJ+QP8AA0HwVi9tHbcoo10OoDMT01IFSxOIBB8R/Efj9a+4UYXKNAsrHzJH0+4VXgnyE3utea418mJvqQvvlhM6Z+/1/ar0i+a8t7cYv2WInKxzop0UHXVNz4KK0xOmKSutFPCOIIXKOkhHLs+cqBmfQhYhmiAJ1gAcq09nEo4CK7nQ90K0/M8qzXY9VdXYBluBhmnL3gNRHQAN4e9WhxFp3XIzsm5BTRTyAYevrvW9+TKt1+iHEccihrdo8xncQQNIyk+O3rXmnF703HbYFjHkNB9AK32Lt2rZW0XUTqc27GIA8yTPyrznE3yyCVk6Vyeo8I6cMVtn2GeaccGwD3XkCFB1Y7Dy8aW8Fsh3Cuco6+Ar0PDXrNtFVWAAEDz8a86bp0duHHy9z6OLw5FG8kayd6vBJEChMXxFMsjWkz8XeDGuhgVlTZ2s01zEKq6mgbHFELETH40gGMZ175H8KrvYcR9x50cfkV30aLiLyoZGUFCWg89NpoPDcTDzB235a0ot4p1WG7w216VLBYtEZpEK4APUa6EVVaC9mhOKBHjTrszdHs2/7h/cSsZcBE5XB6eIrUdjQxsuY/pD+4lVFbIyM8048kYm+d/197/EeoWr66QIJpjxXBlsRflYHt7pnzuPXLOAVdSa6TgSKGsudhNXWUedQRTG13RpX1q4W96lsrQCoeSOtG8PuMjjvRXLgAqKBQZHKm9oSdOxrxt/aKBAPjShsOGGVRBFFHEkxNVvilXYa1EY0VJ27A8TgMqksNaUu0cqYY3EFyNT5UDewzc58qH2Q9k8BdVWlhoaYphQfdG5mliW2mTtTdyzKpzZQBtzNCXyOKN32MwxTDPO7XGPXQIgH1BrScPxBZddCJ9QdfupZwawbeDtq2YMVztmXYuS0EDvAgELy2qXZ50CMjEKwJZSSQCGYkiG10OhnqK6Y6irMJbk6HpmY8vv8PKq7i/h8vd0rttix01lTsJ1B2086IfDtMBTpt9Pl/pVECa6mh/q/eAYorgrnO6c4Vhz3LA6eED1os8OJGpCiPMzG+n8a7ZwiJmcMWLADXRYBJ2HnzPKm6olXZfiLcLrXnna7AF8TaMwuUCd4OcnaegOtbLE4lEEKInkNvQaVleN4oe0E7BASY01ZoAPUQDHiKvGvcEuidiwkE22ZS7HURBJMktInTbXaOVU8Q4g6RbRszt1g5UGmaR/JIpXieIlSRaaHbQke6FHJxtm/wBKqDZFM5s76ksO8dVBIB8x4aitpMiK+SjGYVWQuxzFcpDk945WzCI5amliYRCJ5U/QoyOhMkKSQQAcpJ2jlprSLi91UAAETXF6n+SOzBqLbBL9hQRlOxokLB6jlVOBZHBJGtFKNIjSdDzFckzrwu7LLQ66g7+FfPaQiZ8xzqTwsggyRoOh60EykQNjWdG/LwcRImNxyNEJiARHMaUMzRymfpXCo3FN7BOgll5UKyQetE2360Tw/hrXSY0XmT9wqeiuwTAYV7jEAwvM/gK9N7O2VS1lWQA3+VaziJbtIoiMplvEREmtBwC+cjf1zHllWiLtky6POOLY8e3vL/1bg9Halws3nbRdDTDiGCT9IvNOvtrv1uNUjey6A6V138Hn/koe06LrUVZoGtWPmJgSx6AEn0FdsIQSGBUjcEQR5g0wKMQD86rs3GE6fOmIUAzvNfStIYEt/MCOYqOFty0sdBRloJO29cWwq6g0h2fYkKNdJ5VR7cFgDUMeO+AJ23oS1mnKNfGoXZEnsZ3rUkaCKmAmYTsNwOY6UsxOKPu66VUl2NaHJ+B2e93ryMm410XxJ2GnrSxbSBQCoJGmuusdKx3ZvtD+rRHMlXyqAJcJkMGPmVppxHiKJbZ80lgQoB1JOgHnt9KeTJbSRrix0r+TYtxEDnp0AJ38hULnEhyJ8tB9CZrzwXLiImbE3E2Em0CkbABvoIPrQWJ4hdzZf0l3Op9wKQp1X301Ec55Vp9ZGf8AjS+T0W7xYDefmR/CgLvHANgfOsNabEO2VHuOTyAX6wBA8TRf+7+JOrORIMDOxOojYaSJn5ct6ayOXSJeKMe2htj+0KIpcjvawuksfwHU0o4BxkNmd3kuTsJXl3dNZWPKCd6W4/g/srWUnM7MilpJOrCdT8/SKWC2VJKkjXkP471tjck7ZnNRqkPsRx1FuOLFq2FJ7rD3TEa5AogHXn0NUWbr3b0uzElCuwUCRIC9NaBw+G/rHUzqF3G9NcBZ1BC5mBXTcxMTqRW0W32Q0o9Ijj8OUCNsR7RSc0mGUmCfrWWx9/Md5itveRirK66PCEiBlziFOn7QEya89vKedc/qVtF43aYdgHiRO9N0Y5FP+lZ+wIFOsHiS1sA/ZJH8K45nXge6L7jliJ08a5cuTvvXFPIn/wAVwwT41mdR14IjSolV+zVuIWIFHcI4Xn77yEB0Hxf+KV6K8neFcJe53j3U+p8vCtKtrKgVAAOtSs3BoqiI6cqg87E6Dw++puwEHFHbUTrrWh7HMxsMTr+sMHwyJFI8QskneD6xT/smItPDETcJjzRKuBE3oxGJuWhevZmIb9IvTo5GXO4A03OYA8tDvuBU2JswvXWQQ+nfWNQNTkzTGlazHdkLJu3GL3Za5cY6puXM/YoZ+xtn/mXfW3+Stqdnn2Lez6IzLnyuGPdBHcLq4lTmKkkKUIHR2PIssOKvbDog1UNbVd+6D/xFXKSSB3YXkXaANQHtrsnaQELduw2XMCbZDbRmUpBiTGmk1x+yFloLPdMr1SI6AZNBVrSoDNJkjWYzW5MPooCC5McyWc6SP1Zg6iYYoKqjLvm1kODBkrvpty3HU71pf9zbHx3fVPyVJOyFn47vqn5KoLMchIq62snU1q/90LPx3fVPyVNeydr/AJl31T8lS+ikYziTF4YaZdD5UESQxYHavQ7fZKyQZe56p+Whh2MsCYe76p+SpSJkzBYlwYaI61Ql6SRXoo7G2CpUvdjzT8lUYXsNhwffunzNv8lLiJMy3BuHm7etpr3nAnYgDViPEKCflXpON7N2bhBGYQZyqYWdhykRGwMVVwPs1at4hGDXCQGiSse4RyUcq2K4BCYM+ek+sVeONrYScovRjW4NiFgW7pyg7EkTrz3H92op2cd2LXnzjchQFG06uAD6RvWzfhyjZmHzH8KiMJ+2+kcx4eFaLGkweWbVWK7GACDIihV8BE7CT151Rcwz9dYn5kHQGn5wYhe82p11HU+FVvgRHvNsOY6HwrRGOzzftiGRbRyjW8BHhlaPnMelK0sgsQROvkCR/wCPvrd8b4Il5reZ3GViQAViQsDdTyJoJOztqSczzO8r+WtYOiZdCPDYVCJAXkefLTafGjEwTAhkjMDExyOo0586f4LgSA6O435qPuWvuKcIDd32l1RGuUqCdSNTlkfKK05IzW9mP7QcWy5VIDOYBB91RnRW/amWBidJ8pxCCXnlJJr1H/c6wZBe5sDMpPdII1yTuBQuK7CYbMcr3V8mT8UNcud20jpxKlZ55fHMUTwe7JZIkkAj5VtF7DWP+be9bf5KZ2OyFhAArXPPuT65K5JLR0YnUrMSyZqkiAa9N617dlrXx3PVPy1fh+ydksJe56pr592s+LOzkrMvgsHnYO8hBrr9qNgKp43jrjNlRioHT6Ct1xXs/bZQM1xRH2So/wAtJh2Psne5e9U/JQovsHNdFHCrrNaDsCSdyPDSiHvqNZO2sg1o+HcBtrbUBnjKOa/lqbcEQ5gWeDuJX8tRxdlc0Yy5dmSACDTzswpNttf6Q/uJRL9n7fxP/d/LTXs9wdBbaGf3zzHwr4VpGNGeSSP/2Q==', '2022-04-12 19:00:00', 'family');
INSERT INTO `image` (`id`, `url_link`, `upload_date`, `title`) VALUES (38, 'data:image/jpeg;base64,/9j/4AAQSkZJRgABAQAAAQABAAD/2wCEAAoHCBYWFRgWFhYYGRgaHRweHBwcHB4eIx4eHhwhGhweHB4eIS4lHh4rHyEaJzgmKy8xNjU3HSQ7QDs0Py40NTEBDAwMEA8QHhISHzQrJCs0NDQ0NDQ0NDQ0NDQ0NDQ0NDQ0NDQ0NDQ0NDQ0NDQ0NDQ0NDQ0NDQ0NDQ0NDQ0NDQ0NP/AABEIALgBEgMBIgACEQEDEQH/xAAbAAACAgMBAAAAAAAAAAAAAAADBAIFAAEGB//EAEQQAAECBAMFBAcGBgEDBAMAAAECEQADITEEEkFRYXGBkQUiofATMlKxwdHhBhRCkrLxIyQzYnJzohVDgjTC0uIHU2P/xAAZAQADAQEBAAAAAAAAAAAAAAAAAQIDBAX/xAAlEQACAgMAAgICAwEBAAAAAAAAAQIRAxIhMVETQWFxMjOBIgT/2gAMAwEAAhEDEQA/AOrmlRUrvK9Y6nbEcq/aPUwadKIUqmp98QAjgbOtEBmH4l9TEvSK0UepgwJjZVuENNipCyJqx+I9TDUntBaWYmm/3vGgkHSNCWBti4zZLii3k9phYAUSkjXTnFghlVBuLg+6OXy8o0nETEhkrIG4xvHKvsyeN/R0mFkKTmSouklwbkHfGsQnKzkp/uFudfBopUdqTfaPQH3iJK7XmOyiCnYUj5QbRYtZIsZ8hanyLcHj0EVE4rTR1dTBkY5KQbud3uIMLLxIUYdDv2gS1KFCpXFzEPTKH4ldTDDg6QKZLhp15FVgziVe0epjYnK9o9T84CtO6IFBjRNEdGDOX7SupgSsQr2ldTECpUQVMVsHSDocJnFL9pXUxpU9Xtq6mF1zDvgClnaYpAOfeD7avzGIKxJH4lfmPzhTPEHMVRI2rEqP4l/mMDXiF+2r8xgIUd0beCwo0Z6/bX+Y/OBHEL0Wv8x+cRMsnWN5DFKSIcWTE5ftr/MfnGjiV+2v8x+cR9CdsDWhQ1eDZBoyS8Uv21/mPzgasUv21/mPziQwqzEFYUi5HWGmg1ZgxS/bX+Y/OCDEr9tf5j84B6KAYzGIlNnNTZIqTy2bzFOUUrEoybpDqsUv21/mV84GcUv21/mPzitmdtS8hKUqKmOVJDPpUglg732cIUR9oAEjPKJVrlVS9GudkZvLH2aLDN9o9Awk1Xo0d5Xqp1OyNwn2ZjwqTKV6NnQgtms6QdkZGeyHpIHjPtshK1pTIWVJUoesACyiLgEjpApX26lkDPJWNuVSVe8JjjcYoGdNYgn0i7F651UOyF5a0KJAUC12IML4YMfySPRJf2uwimqtD7UGnHKVeEOK+0GEAB9Og7g6jzSA45iPMwlJDghtrja0ER6NykLGZLuDQsLn6cdkZv8A8sPbKWaR3eM+12GSP4YXNVsCSgc1LFuAMUqPtlPzPklZX9TvAt/m5rvytujmkqQSyVJJ3EV0pthgLyiwO7bGiwY4r2L5ZNnYdofbOUlKRLQVLPrBRYINGBIBzO9G2Va0UZ+2k9CypSUFBoEWbgv1n3lxuEUEpbOogOVOHq1x4OOkBxAJzU37KgirRz6RR0W6PR+yftXImIeaUyV1dKj3SHoUrYBuLEVuKxeyFImJC5a0rSaukhQ6jgekeSSWUEitQ+29TBZKCkhSVFACkksojvD1DQguHUxuHiJY/RdnqqpDuzFi1NCLimsVuN7RkyA8yYkPZLuo8EirPraOAC1pUSgqQ4IUpJKVKcuQS7lzUvCsuQ6gAABa20vFRTX2Jxs6DHfaeetTyQJSE+0ErKi/4qEJDaJfjEV/aueMgyoVlbOouM5DuwYZQoFLUcFJu9FE4Yh1KrUsICvCPvL24fR4pMTgjpuz/tbLWvJMR6NX4TnzJO4qyhjyY7YtMT2jLRRyVbAK8e8wjzjFdnEgjifH6Rc4btcN30d8NmejsL23+Ma40pOmY5IuKtHS/wDWLdxTF2Ygmm5r84ZkYpK3yKBIunUcRfnHKf8AXTloGNmSnxzP4QKV2mnM5pcZg7h9a/XWN/iMXM7FYOogK5QOkUUvtv0YLTwtJFElBURwp8WjUr7UKLvb+5A8MhpzidH9D2RcnDRE4U7ISlfaVDHMgPRiFBjtcPRq69Ikrt9ALky8mUm5cMHY7SdgEDTQJp+Bv7uYBipqJTZ1oQ9nIc8BcxUdqfakLQUyUlJLArKg4cWSBY2ZR6WjlkpSVHMoZy9y5JAcknhtjCWT0dEcVq3w9CQtK3yLStixykFjsLWiaJe0e6OC7K7dGFUtkhecCjtVJdJzDRlKpq4tF1M+1k0vlw4QFUQpasxzEOl0hIexo+kNSM5RSdIu8TiEJOUrQhVKKUAa0FzrTrGzLWK5htuLC54R5hPTMWorWsVUSSs/iqTSwcvEhhJjqWo5NHBFQTUd02O+HsLU9EViD3GUnv8Aqd4d6j932qVpCPaXaiJCgmaohRbuiqgC/eIegoY4WRLWxJZkklJKrKNCoAG5yjoILiMLlRmWCpRPrA7dpIrQHWH8rFqXSftcrMCAgAE0KSXGgJf3NFfj+1EqJWTnWTazD4DYIq0YdylL0I0uB5rA8QlILJ01Bd4h/wDXllqTiuJFijtVBPqHSxB46RGb2qnKQEVDsX97NFfJlh00N6l29+t+kTXLSlIIc8R7xC1Q/llXk9T7GxJOHklhWWjT+0RqB9izh93k0/7cv9I3RkVRNs4PtKQn7xOq5M2Z+tVIFJw4CnBa/QhmLV8YL2upp07/AGzPFaoWCmDsIBB0YZLEWGtv3jWIwjpZKklWr3VR9dX13wErreJJmF4ANTsIrMkZkuya6cHGyJZJwdQUQau5cqCXLtVxe8FWxoRs2W99Y2iYNhJ47oABS8XMbMoBtpo9d3yhrB9opYhZykgjq9uXi0L44uO4blmJ9z/CExLLEHaHOnIwtUNSaLtDNtDECtxYK87YFNmqf1rPQ9GDVP7wphZK0gqSsgbGdyzfKJpmKK1IIH9ps/OCh7MfPaBUySg6B3pdiXbQRbdmzkZilFSA6iXSwsGcV+EcyFGwozhjt62+cSXisr916bmMDihrI/s6qb2hLRVZACvVL0ULu402mI4ntKUhObOnK4Zu877tOMcgvEFYLAAEAJS9Ets8YjLWHALlrbt/DdxhalfKzqz2nKylWcKb1mBo9HIIs9+sTKErGaX3qXGtKNzitwWCQQFqCS43M2nncInPw4Q6kOlQDAgkPc7a38TBQ9mEV3FMd1x5reNZUmr1ioxPa86ywCbOUpcMXIBGjvpqYWGOWosmpJts6x0LMlGvs5nBOTf0XiVC++IYjFZFBDBSiHAdqNd2IIo14psSFpQlC8zesczgk1FrsNvGG+zlZ0pCVJdFTSpFk0NgNTtMR8sqG4Rb4SGOJCl50oTTKAMxKh6w1DVv7oTnTTkVnWVU7tW1NaHYHYjUcQ1P7PCyUoZJu5BYVsGDaRY4fAIQkMkZwPWp3mdzX1dNYhyb8lKNeCllYhCAChLlu9mAIJ0LFxTQAXiOFwil5lBQAD5lEgAP7yahhEsd2YUhKgrOVGmVmAvzhvsfD9xaslWGXMSQSCWJSOWsKxrz0q1YjK6Uh3AANy73Gzhvi2wMvu5poKlPmS7OCaOauaAH4RmARkcsjMp2ZIo2/X6ROYmr5nIc3OtDwppCoEL9q5CHK1ApskBrjVxSElY1SpeT1q3Y0AFP33Rn3AqWwKsp/EduvHWLeTgUoYBRL7aDzxh0HWVWZYRkHq1dy2/oNsTXhjkBOZ2AAZwXsIscRLSoMdnn3CByZIa54QUFCE6StCgQWISAQARSxHODYGUhGY5TqCSXbYW1FH6xZhT2vrCaiAqouWfbTTfCHRpUpKiFEtbnR9lLQvNIAtxFCTcDRhrBKuWDabtvX5wNWGCi5o2lbcIoD0PsZH8vJv8A05f6RGQTstX8GV/gj9IjICTz3ttAM6cf/wCi/wBavrFetLV004/KHe1FvOng/wD7Zg5Z1QollHZ8dkFDsHNXRhe0TRXe2rQT7ocwVp5+sOJl3cVenzPTxgChZSOP0p9Y0pLG5b4w8mUkE7/2jSJaLmt/eIAoXURQVNPNocRhUBQN+7UaZteURCE0t0jUxZHeFT0pDChnD4ZKRU3Nmt84MrBoKwxJoDfUH5RXqnkAMDpTdEF481D+X0hAWeOmZs/nzYRUKlquGrV40vFu4NYH6bSpbSABlKSxBbjEPuoJB405/WMRMYfOJpStRHo0lZzJRT2lE5BcVPFg0L9jSvwN4aYwCa0rQwZeILUG+m3dFclakLKVjKoAFtqbAjnAjiqsKMLwwfoNiTnUDksGdj52xpOGKVZ0hiKhtvKLg/ZoqkCcuaErWkKQmmVIKXYk3URci2+KTsueVZkK9ZJauy3gadISafgHFx8nV9hdjyVoC5qCpawo96oyhRSAEvuFxzpFTjuzky5qFoRkSc6SGZ21FOUXnYuOJlGUFgEZixIDhVaPq/vhLGzFTZgQlWchITmu6gzs5tQ1fe8ZRct6Ohxg8d/grFTCLX1I3RpE0sxq/wAYhjMyFqQaKSW47CN2yAHFbeUbUctodCxVmow8+ERRi2caWbhCwmvaJIIeo3dIBhASoAszkxi8KKitYGrEJTbQ+W5xMzRQ8C3J/lAMYTMypygUDN7oXM3KCSTEU4pyxvrx574Cpbs1/jaAAylhvd8OUDUse63nWBpUUsDV2O4P9XgYIzM1Kvvbd5tAKw5mMRWmxt3zEZOUC293PKhD2aIGzklyHs+27swp4QutZB3uXF2Ar1hUFmlLHfN2VfcwEEXMag93DpC77NvvA2boEtRAvpzeGFnqfYx/l5P+tH6RGRDsM/y0j/VL/QIyGI837UU2Inu7elmfrVEJSk7wfC37Q92phFmdOOUEekmfrJHO0KqwSwW46bGp52QrHQbOCA2m0vrtiSls+yF0yiln57W2RCcpvhv3jjSGFh1zb+HvjaJ4GzXxivKzb50pE0yyUqVoG97UgCx9UwA+esbK7jbtivUSxNaksGNgA9eYbnsqzKm90naAONQfgYACLVTlXkW88YVU12ckQylBUakDUv8ASDSuzQWJUXIJpahDN9YLCgErB5iASxvz2G3lomOyZjhiCKuXY0FaQ2lOVIARzPeJ80MG7xYZGpcfADWJbY0kI4nClJuGpbw+MdT9hQgSVOrvicpSkhIJDgAAuO6GS7jdWI9ifZs4gKUtRTLSWqKqUznKAwDAip2s2zoMN2PLw6VKkpUFKCXUVVOUEJqABt01glCUo2ioTjGVM4r7VpSVSVJz53W+bLbMHdhRN+arxQYqagIU3rEEBvjHXdqdiTFoWsEma5GVRBcaMqjFnvsuIfk9gyUy0BWHSteTMpRD1Ach1ChejRMpaJJlKPySbiI9hdsyzh0MJbywnPnUHBSliplGpLOG2bbcRhpxMwrSFKJJKmBsb2tWrcIJ2jhzLxExAGTduIBYtpD+AwaFBLqVnVMRKSwASFKIc0Lnult9XjXHjVX7MsmR3rXUX3ZmABBUVJWoj8LFKQ4JqPWLUcUuz3i37LwqkZhkSmrBy6qE5irwYDYzsaL9sdjiWoLwyShqrRmUcwS/eOb8fvci7Rb9n4lK0JWk0UAdnHe8bQUJO15Rjkc4qn4ZrHYOXMSELSFE+roob0m4seLa2jz/AB+AVKWpJNGJSdFJej7CK03R6HKWFLVtcAcMqSb6Ak/mjnPtTKBDuO6tbHcylEf8RGmSKlFv7RGOVSr2ctLWU3v7oaK3Fr3q+ynUwimZVtptDMmgDMSQHtWoFd5DxyHSSlS3PeGznBFnwqRuN/jGOA42fsDuheevnU8vo3whDIgX+HvaJJX7mp7xzgSlDKxpQ+Nug+ECC72OlrHbwEAhxC9XDkX080ictIpXm17QiicK22W3lvlDJWxIAsT02edkABMQ57oDm1aHb74XUttO+Q/WjEbbRNMxnro1q3+g6QooFSqCoLF3rUV87OgBtCwC5rb4fSNrWSAdLPtYeesAQou2pJ4tq2+CrU1NGp0GkMR6d2GP5aR/ql/oEZA+xv8A08n/AFy/0iMgA5PHzGnTqn+pMLf+ZD14QsZqywYNqX93nZBe1WE+a4A766/+ahCMxZsBrxvEFEsVTarZcQhPSWueHj84OZqnLEbDpamu941MQ9dmlaHbwrDsVCgWHcjczwaViAywXD5X63bkBzMaVh1VZLtTWvBxXQ0icrCum7E6bavp8oLQUSmI7ib0UwYPtL8DmFYNIQ4Z0i3S5PFqwUSlZBusb7Sf+JT5tk1GUAXokmlhkvTaz9IWxVIAJzKOhLitxpsqWDdYaw83+4ihYDn1iH3bMoGoBD1HWHZeDYpuRWtK0BG/bA5IEmQUtTB1e8790CTiwKE9aeHWHhhe7pfZ1AgnZmDC5iUEkZlpSb2KmLNqz+ELZA0z0Xs2SJWGQFCoQFKG1Su8rjUtyEPLkukvSNYvDZ8vfSgAgkM7gF20uIQ7X7RlSsoK3UpQGVLOXcDu39an0durwjl/lIqsdMYKyuFNQtbTMASHrv8AnFdi+00olusKWMuVw1SWBzBRGWuU1OoB1hrtjHekypbKCWdZb8JFEggbBf8AEBuioxmGSoEmrB3UaC2jM1Es4S+XZFfCssU2qY1meGTUXaOLM8zZi5pDZmYXYAADjQRYYRC0S0rygqRPSsDMn8OU7eMJTpQQopaxpXRredkZKmH0SHJIzLdz/YfhA46pRFGTlJyPWO0ZKZslM2VUKSFFvxJIzON+ravFL2b6MIWZczMiqnAo5DqANDfS7mGf/wAeY8zMNlUP6aih9oYKHQFuUVYliWvFS0pSWWSAbMtli2gUTEwjrK0aTltFJlthkLQXZBc3zEbLOCKUG/dFP9piCkjeaPY5CNNG4awFOKWhIz+kUagtkYsHrUG2t4hNUVqL2yuAAd4qCTGmSVRZlCNyRzKkZCH2+bwSWvk1PF3+MOHA3JJZ3dT0vfbQQlOlhKqbwa+7abPxjjTOmia5nw89IUWthd6tbbUcqGNTFPSg46dY1JILjUV4sdg105wwBKXtB3dH63glO8Nxpv8AjTXyIqAzsWYNroB0P7xJ2cX68NIAIJmB6g1LaXUKlVK33W3QczACz6U1qBbnSu6BEtXfWoswanm8QC6ADfbgAR/x8BAARamJD1INjssOPzgeGfNvIvfT5e+Iy26WB+vOISFkLo7015tDEMqT3gTcbN4r46xBR716U11fqYlNIPevd+HTT4QDKMzhi+lTvBhDPVewv/TSP9Uv9AjIzsM/y0j/AFS/0CMhknKdpIBmzXT/ANxdW0zlvEwmkEkXJ8nqw8It8WoGdMH96x/yP0gKQkE21HV/nGDZvrZUYjs41J3HltL84nJwyySEszeFm46GLMoKmqKjz4xPCykivxf9vrFbcFqQThkpSnOTW1NWo5fSsaRKQAwH7mnyPKGJhFATavOBlaEuDYtQ7oix6kFYRJo5ZmpTzaDqw6C1BqAdjivnjERiEHQ138m6k9YlJmJp3T1+UFsdGHDuGIZj12jztjalAMlIp59490HWcqSAK3rxanPwhcS1ku5b3ftBdj1oOiW4axY182jJMjLX8QsbMxox0NukCw9+8pqnTd+3WJEqtw66wh0i/wCypfplrzrWRleiiKuGZrawfE9lyEElKRmFQokqU4sXU5JeE/s52jJlJWFrQlayAkKUEuEg2dnqa8oY7S7VlEpSFIdRAAzJc8A9THZhTaTOLNSbSKftaeUSip1AJKn7jOHLAHIljmy6wuuYooJUzsnvHaUkEhu6KMzFPDSJduqHoyjKrMohgrI6juGcqy5kj8Osbw0gAFIyhkspWUDVi2Vb0AIq9t8d/wBnHSo5LtJbzHe4SbNpvHiYVkzf4QGxSr2qg/WCzJSlzGSBZIqdg3Pt0ixwX2bmzEFKVIZ8zgk95mAfKL87RyzkrtnTji/COt+xQEnAmYosFqWty1AkZH6IfnFZ2Spa1TVrcqWrU6aAbWDDlB/tnjpcqRLwyD3UgJVd0hKe6CNpOV9wO2Geylo9GgBSCGAcEMSBte8OFPoZOUicyQ4T6tFFVaAAC586xX4+alCQxqczdaVNdYs8TjpaAzpUr+05m4kUHBxHK9oTytTkMHd61cB+Nt3hDzVowxfyRE49Rz1DOf8A4u2zbCC1irqvualsvERmSqm1LcD3g3gPCIqRuc0/+wpbSOPh09FJwYtRwHBDV156+TBCwNwHV8CK+GwcYxUuwqXDgnaVM3UxsywNKu/Rz8jygsEgE4jc++hpRjso0EkpBcOACCauwYHZWjHyQ+TC6kOwCgnnRi+5/jBZKXSoZRYsS9GBo4BDHV6W2EwXwVdBhDEi4Iv0ZjfbSAqcNuJJ4PTwfrByjMNOXIhuZPTfA8UslgAxqSdalmOy1oEwaBBTU0NXu+jed0QJYu3Ta79RaCISw/c+WPK0amJFWs9BWl/FnMMRBSnDl2BA/Z42lbghgz+daxJKRTvMBRt2074kJYsBxrXZUtThxgA9U7DP8tI/1S/0CMgfYqf5eTX/ALcv9IjIYjkcbiv484Gn8RbfnUxPnSIqnBVXDX6s782jWPSv7xOYj+our1DLVb5fvAZMhtNKlvcPjujFo6ExwrytqWDDxqefjBEEkOWB+HGAKkMSSSWD22U2cYWGctloCQz+6htCoLoamTGUHa4H0OyIzJgUNRb3VHC8RXLW3qggtQu71G7Su2sOYXBEM9AGBH1baT0hcQ+s1IkgsQzHeb6M/K8FkqGdgCQwI3g0+kFQgBQYuKV12vW+ttsHSQQT59a3v8ITZWov6VTlJtl2Hw2GNy5hIJ6U0LHp8jBZiO8VC1NNQaV5DrAcNNA5h7MQQ5Px6wATwxBY19YC99p6wMFszGwIrtFvBoOF0DXbxY6bvOsJrW2calmDbQX97cHgDwKdryguVmDBSKlrEWUK/m4COaC2qKEFwdhFQbR1UtdSnQ6bRYg7iDHLYqSULWg/hJHFiwPMVjpwy5RzZo9s7PHd1DpKQoF0pSE5j3iSpVSC4BJBGrB4Yxk5eQgrIHfcZUBzmfYNtgYr/s0pU+TlqcpKSXajAJqKkZSoMblt8Cx+PSAErXYAgusu9HCbaJsXBBjujlg+X04pYpLtcFsIAVkj2nGt66vHW9mYZapAyTChSswJaoAURTYWDPHLrbMhSXIWgFPDQcRc/wCQjsvsoHkJJ2r/AFqjGVS/KNYtx/DOP+1uBTKSEgklSgSTcljU7dIrcMlCcoYOwrfXTfaLr7bzAonctI/4rf4RzEk5lI3KA3s7U5G0FoGnw6qXL7r/AA+cJy5WfPqzatctc7gYZwr5SDcUptaA4MgLXpQdQT9OsGV3jbDEqyJEzhEAkGpBL7hejeeEJzcF36GhJNtvu06aRYrnmtrt53W8YXXOFAOHnzrHn2zvcULzQk0F+ezNfdQ7a8onMwbnusWzBuIIdPUxpaUqZQoQPi3gwENLmJJJFwXB5kw7FRRYqUorFCwbhpSN4KYpIIKaKLHUnUAbLjoNYuAtQKk62G0jUO/DqRCK5TnMX/CX071KFr+Xik+EtU7BqSXy5WJrzAcAbQzdOZXXhgVPuSWzbWvdi1bCkW+HQkd7aKPo1fc1xEVyGXmYG9Q1QwSG012bYSkDRS4hDLV3rkcyQCaNap1jEAqpruZqCp20FeUSm4fMtlAhRqGc0vrs27o0iWEihJcNtc5bEAcC3jGlkAkkBxzG6tw7jxiagqyT5+USkynCgAwDlr1BBcXLEC/J43hkEgh8um29/AdSILEkemdi4dX3eTUf05f6RGoL2PKH3eT6/wDTRf8AxF4yGHDie0lqE6azkelWX3ZiPD5QHN3tWJY+4EedsWGPl/x10vMmC93WR84jKljKFFLAO48Kcb13RkzVEZD3IdwRzHVgwe+sSnUQglIBaoHGnIQaQsG2625g2tLdIyb+CidRz08YkolLnMogjUvyq7fHfGlqWQC7jNt0pXcLtwicqX63O/Jj1gxoBwI9/wBYlsasDKScyio8Kf3A9dOkFKncAm4HFlfIgxKSoAPsp8zWBZWVqwL67GboR0hWURkrLF7B77mbxYcoWSO/U0dhdw4IU3Nj+8GxCwy6008TXzpCKprXcGhDsz6G7ilOhikS2GTNZIJu3QkE8dsRzqNQxrUHaHAIpWpvC4mXHMcgPG78YOmWXGUtRx1qH6eMOiXIlhpdQBUVD7Nh8bcIou329Opn0B3qCQCzaUHjF9ICgdCCavo2u/ntMcpjpjrWo1JJq+/eHjTHx9M8nVSLPCzjLkIUg+spQWGDet3a7WSeRirxczMVFmcktsc5mHUxc9oICJaEN6rDeKE21d3574plDN3Wckgb42glrt+zKTdqJ08kJyyH/CEjqiutKgR23YTCQG/uP/IxwMqa6kp0DeB+RjpcNMUJSkhRDPbrtgxPgZV05rtxedSzVgt7Pbu06vwiowaP4iA7d5Jdt8WGNWf4g2/G/u8vFXhVsocRFx6nftkz8qvSOplqCLlwQS9Ax0fTYIUKwymOZ3qNXBflbrEsJimLMFWuHDbd0FxKQtVAzjQXppsFIEm8Tv0DdZeCcuao3ffwGvx574hiFhmd7VZt+3y0SSgMQ2wcqHq2kCWigelnBrqQPjThHJR0uRBc9g4s5f3sdmrQeRicxIS4IJtZjQ8IWRh1GgDliW2ilN2lYJhpJSXDHUsB6wZgWq2nWHSFsywBUSr2gXAtYvTe4TurSIzpCs6inNlKWCWZww0u1ANGLRPOpKrOklxwLAEbwPNoamoBIUC1Kc70+ES3RS6Vn3ZRDpLMTQ6m4LbRUa+tyh1EmlFBgKgPT8RbczHdXbBFSCGKSOLU6V1iUgAKUGJLvzY/UeGxhsdFeiUZjKUkPtbVjrcMW6QriMPU1CWFCz6uw1pDwmFKm0rbaC7Hl74HOmnOojoQNDs90NPpP0Aw61EkVoFO4KX7podsTOFSleXmABSoBfiKDlG0TqAZA4qzEbXpwJg5xHdCspr3HApduQeBtiSO77MmD0Mqv4EbPZEZEexpv8vJ/wBaNP7RGRZByvaSx6WZ/mvxWrwvC83EaE0I5Pr7ol2jL/jTiXqtTfnI6fOFyQ+1x0FfL7ozNQ0lYchmB8/Hy0MKWWZ2r8AelOhhRKvBuf7RCbPpdntx2fDlCZSLJEwAMnaOjtEVK9YdBS7A15vFVLxRqa0BfoSPh1gsyc4eoqW+bcPN4Wo7RY4fEvlTqw9w+UYsuAXfjwbjoTFdImd9JcVtxBduoI6QyF0vv1p9anpCodmTJZBVqSKP7QfS34hfZCapJGgLkuTzJL/PbD61jvGnqvz1+PTfAigFjS+amwUiokSF5cjMbmxArQ7+N7wcUCWUw+VQ/iIKiUkBgdbng1m2wCdLFMwppUXNDe8F9JJqUkuoUIvyqeZrHIYeq0f5JNbXG24jp8ROAQtwC6TXczX2RzK5BJBCeQTspSpzadY0iRIt+05+YDdZxy1iqdlINu8B0b5w7ipjy0ue89uRKn3+rFfMBBBuzGu31viByjZKo0ZPsrLhRZaST6pc79rb2aOrw8wKQpQpxDac/E7eEcimYhdXqfNoZTjFIlCWlNS7l2uSbD5xEJqPGaSg5dQljMQ6SKjNXxBHvhSQkkjUgjmNecTRLUosAeN7VqagDiPlDgwK6ZQl6a6624iLhOKVMicW3aMwymrUlgAB+KrMN4LxYYaZmXagcc9kClYUhAGatuI2AguPpGpUlSTQUYi5dzT6c40h/U/9M5f2L/Bqcuhd6bCDetGqAPjvjUxWYhg7sa067IWMhbkFO434h3ZufSHhgswCbVGZidS5HR90cdJHTZLCIAGZqsWPh4v4Rk2WFJDZUpGzusfVCiW+Ll9Y2pASFJ1Zi5BbQC1htjcxCcqX0513A3U2ptpCKoXQEpQEtmILjkxZ9aPAp08sWd+em7rTTZDiMShg1GsDvHHy0axCBUpA71xvLHqH8DCsrwKYeYspdVKkGugA6u5gyp4Bclm2X0odlNfI0mQ7A1Nef1Hu4CJHDFrlmDuepBvu1trBYJhcStWXOBdn4gsfBj5ELTJrmlw4a1SaMeLRYSZbBSfaD8NbM1wawCZISpVyKu+4EmlNrQkxtFbIWFKAYm2nMea+MWQCSmhINm2lI0Gxn80hGbLU/dNAKmzhtQBrb9ohhVrykm4JNhelWpq9fq9PvSVzh6T2cseil/4J/SI1C/Zcz+DK7v4Efi/tG+MjQk5DHq/iziSaLXr/AHkNsFhCKllwq7PTaN+1wTDOPn/xpqbOuawJNGWWLbL/ALQghagoG+tPNm9w3RlXS74HK2LVbR9eZ51iKxcDiKVs9rO78HheSsC1n2gtZx4dRthuWsXH0BFeVHh1Qk7AyEUOlSGD7XBP/i8FQ1ujbDb3q6xtNQxFb0ezkCnPw4wvPSUqKs34Qebiz7rwILDIWKMkOXbjQ0rQ+t1jeHxCS4q5fwvpeAYaYCQ9+6QeBZXg78N0EkYXKbENmpfQUcc/GBpAmDXONRox99n4QWVibJBqA3AEvrrtjaMLWppvO1w1KjSvGDKwbpISwzHvPTTbbLwgtITtgJM9zS43OG5ebwysmoqQ5tVn0GtWcQTDYIBQATciuyr1bXhXSHEykpBTlqSwtx01cnoXhNoVFZ93QoZTR01BcE7Snyd8ILwi05ctcpBJpso7s9HFHtHRKkpyqUkbGL0fjtBfdpWBTEKYAJd9QQwbXnWsNSoGrKrFpVNQhKu6c11bVAhJ9z84QmYFWc5hTMWDGjmmx4v0YbMqqaUIfboa22PvjBgBckiwIBbTYG0brFqbSonVXYhhsChJoBm0JNbVDdYBNlBstSXagrWLT7qEerX+41pzG/wguQtVetRTjofWr+8Q+uzSMqTRWIwuVNyahiEs2tWJ+MF9Ap1EA/IfGunyg0+WSrKkum+0g7g581eHZWHRkYgsWLbPWaunyLaPA2RRzGKuHctQe+n0i47LwRBKphLE0SSFNvqaed0NJkhwlIGZ9v7+TBESC5Js7l7itDwdgRvhubqkGpiygVUXJeocP7x53xGoZqCltaaPc604RiPWukAVFNTpUh2vrpBZp9W4ULu41ZgH4RI0KzFpJAG9n2mltx1jeIQc2XSltCe98uhgORKjmAqLPxuA3j4VhnK5ygmyADtLUIOhdhzEJjRBGFDgklybCj1D7qAe6MkzCyg1WFOHd+I6xNEpg/QcW36VIgssJcJJZxRVhodLUYctsH7GLS0qUl2sa7rXF9ImEq1s1CNd3v8ADnES2TnFw26xH/teCBKyl0g3BBY2rUHdQniIKA1NnZENRgphtarBqt+0ClzUkV4tV6/AvXc+2B4mSrMvMFFhcg0oC9dhI674Yk9izPRlb5Ug1LHKGHezkVHqqsCzF2YsKJTlwR9NmqQ23hoX83EBmkuMumhZrVd/NYb+4rHroKTmyKYHRQSW0YEpHEiBjs9YNMzly2Um1Dzehhohpnddlg+hlV/AjX+0Rka7Kf0Eqg/po/SIyNTM47tPBL9PNUJEz11mktRBGcgkHLUkV80WGBnkv6FbnahTXrpT6xkZE0XZP/pay7ypgrUhC31qKU477wRWAmZ3EqY2X2FM55c+ejRkZBQWB+7TsxPoZtSD/TUzaCiW1Yt7oPM7OmLVWUu98i9BQ2rt+sZGQUIgeyJqVOJa9bIXXwrpQcIb+6TMpUJUyop3FAtvDUNTRtmyMjITQ7BfdZlUmVMcvUIXvGqW6w4MJO9hYNH7i2qzkAiw52EZGQmhpm0S5gWB6KYaiuRVavUs26Jy8LMIzGUu1e4rZShHC0ajINUOyCMHOoChZD/hQoXpss/xvqx90WCAUTCduVTA6WFoyMgoVkUyZjH+HNoLZFXFmYObRk3CzCQ0uYlhqhVtWIHmkZGQqBgEdnTXdSFsR7JozswY0rG5uFmG8pb6dw3ej0O6MjIdCsjh+z5qW/hrpqUKDbhZxvG20EOGn39Gt2dsivle4LPfURkZBQA0dmTyHKF2IfIp7DVvhX3m+4TMgT6NdvYJG7utenujIyBoDQwswj+iuoF0qoCMzWcahtOcak9mLCznQshn9RRtUaXvzjIyEMVndmzfYmFn/As0J/xvU01DXjaMHOSqiJjABu4rRhUgWDc2jIyKokZEiaSAZUxv8FNsrQ3f4xpHZ0wEOhdQz5FUzPUsnj8XjIyFRSYSZhloQwlrqSQcijU1rTZSF0CeUhPo1gVA/hqBS5cl2d9+jCzNG4yBIGyE5OIU4yLckistbMWULNZvncveq7SmZClMpeYvUy1hSSrM7dzIoA5WKiDSof1tRkOgsqFfeAT/AAppClk2VQkpUHBSx7yBW1Ttgapk9mOGmE1fuqFT3lUCA7nlXi+oyBIGzrey8NN9DK7ivUR+E+yN0ajIyNDM/9k=', '2022-04-12 19:00:00', 'family');
INSERT INTO `image` (`id`, `url_link`, `upload_date`, `title`) VALUES (39, 'data:image/jpeg;base64,/9j/4AAQSkZJRgABAQAAAQABAAD/2wCEAAoHCBQUFBgUFRUUGRgZGRsbGxsZGRsZGBsZGxwbGiEZGhgbIS0kGx0qIhsYJjcmKi4xNDQ0GyM6PzozPi0zNDEBCwsLEA8QHRISHzMqIyozMzMzMzMzMzMzMzM1MzMzNTMzMzMzMzMzMzMzMzMzMzMzMzMzMzMzMzMzMzMzMzMzM//AABEIAQQAwgMBIgACEQEDEQH/xAAbAAABBQEBAAAAAAAAAAAAAAAEAAIDBQYBB//EAEAQAAIBAwIEAwYDBgYBAwUAAAECEQADIRIxBCJBUQVhcQYTMoGRsUJSoSNicsHR8BSCkrLh8TMVc9IkQ1Njov/EABkBAAMBAQEAAAAAAAAAAAAAAAECAwQABf/EACcRAAICAgIBBAICAwAAAAAAAAABAhEDIRIxQQQTInFRYTKxI4Gh/9oADAMBAAIRAxEAPwDd3Lh1NzNuep71xXb8zfU0Jduc7fxH7mlrq3ElYZ70/mb6mmm835m+pqBKeFrqOscb7fmb6mmNxDfmb6mmvbNRm2aKoGyT/Ev+ZvqaX+If8zfU1HppyiiAkF1vzN9TThcb8zfU0xVrnE3RbtvcIkIpb6UrYyRLb4oFiguEsNxqMjrtNGWy35m+pry1PEm98OIGHLkkTuD+En0xWu8O9rUYhXUyASzAcs9gOuKj7iZf2mjWJP5j9TXW1dCfrWc4T2os3HKatP5S2A09u1Xa8VRTvoVqiUWmO7N9TSa3H4m+pqF+KqFuIpti6CZI/Efqaa7nufqaFa/UZv0yQthKufzH6mpBdPc/U0B72nC5XUCw73k9T9TTGfzP1NDa/Oms9dQbO3XP5m/1GodTfmf/AFH+tdZqYWooDLqxOlcnYdT2pUyweVfQfalSjFRdTnb+I/c11Up19Drb+I/eklhz0qhM6IFO94BTjwrjpXP8KTS6Dsa12o2vVOODro4IV1oNMEa7TRco4cCvamPwYHSu5IHFlX4l4ktm21xugwO56CsXxPj92/nUERl0MoOI3n1mrD2+YjRbBxpLH1OB/OsjeP7MgfhWfnioZJtukaMUElbDcSQesZozh+JliOi8q+eNzVdwjarYO5gfep+HBYsQIz/KoM0x7QNwbNDTka2A+pr1jhbhFtJOdK/avJeAUhSu41sJ869S8LOu0jd0FWxK2yGZ0kEvfqFr5otOFmpz4dO1aNIzbZUtdNc94asz4ce1MPhTU3KIvGRXi4acLhoz/wBNcfhpycGRvXconcWCazXNZop+FqJuGNdaDTIdRroNdNg0hbNHQC7sfCvoPtXK7YHKvoPtSqQ4O10am/iP3qZOJAqmvudbfxN9zXBdNUeMTnReNxANRteFVK36lW7Q9sbmGl6aLhqBbtdN2hxBYUtw103DQq3aC8Y8YSxbLnLHCr1ZjtStUOnZi/bfixcuN0CkJ54G/pNUtlv2ZAgkjtv5VLxqErqduYksfImneF2xKHvk+dZHK9mxRrQNwSOtvKgDVv19PSjLYIJxAqW6vI4LSFncZkzQ9i7gTMEUrGXYN4ZdGtlIPxk16h7NMPcKOxYema8p4Xh2W8ZnSTg/rW69luOC3GtyYYSPX/r7VTG6kTyxuH0bVKJS7FVIvU/33nWlxMqkWvvxXTxIqq98KY16hwO5ls3FCoH4gVWNepnvqZQA5hzXRUDvUHvK7M0eNA5WOLU4U1U86dpNdYKLix8K+g+1crtgcq+g+1cpBzN8S3O/8Tfc1DroviEGtv4m+5qLQK1JozNMhD1IrU/3QpaBQbR2xytUgpgAroilGTJAtYP2l4v3nEhSOWySAPzOQN/Kt4przrjAbt+46wE1k+unH8qhndRNGBXKyZuE1WzJDZyY+tQ+Gpty8qfmNWPDW1VTElmIwTgA9al4fhSqkCIkk+tZEbGyp4lGZnwSA0mO2KE4RDpEiANQ+YNXfEJocGfjIkdYECgYARmyRzT5cxG1BhSK7j7622SCZY49DjNWXg3Ge7uKSOXWJ7xET+tUPjXDgm24Ow/Sd/lU9mQiZOGmaP4YH5R6wjI4DIQQabprJ+z/AIoBe0EhRcG041jaO05rWlDW7HLkrMGSPGVC010W/Onrw7V33ZptCjPcDvXDZHepPdmupaNdZwxLIqdOHFSpw7dqlaw3akchlEYtha4yKKd7tqje2aASzsxpHoPtSrllTpHoPtSoBMrd462bzWwwLkuYGfhaDPapdJrzN/E7lnirzWyNbXLi5EkA3CMeeBW/teL2wiBrqszEISOrxJowy8hJQoN0tSCNTveHtTlvxVbYlHFtNUi2qcOIp6XJoWw0ig9p/EHtaLdvTzhgxOSBtI6isjwqQfLETtA3o7xq9N+9c2g6RmdhE/XpVYUeBCtGCT/SsWWds24oVEJHElBr35hPQ71ZHxBT8MQN8bknaqPxC4FtsY8oPegeD8Q/aRjT+XqZ8/KkW0UlSZeeOOLYFzqUAGfhO8xTOA4oOkwckhjsD1qt8ddVI/aF5gkHdfIHtUngXH22JRyRIYzJ0hjsIoNaCpLlQRx/C6raERmV+s0DYt8m+xGO1aO4qe4YgaogiN/l6Vn+EddbqwPPtnAIzXLoaTphXCcX+0kgcjI4GJMRtXqKOCA3cTXknFoqurLnUIPadxW49lfFFdPdNh079R/xV8Tp0ZsqtWab3lKRUBIppIrRRnsLDqKkS8KrS9c95XcQci7XjBXG4sVTi7XffUPbDzLR+KFRG+KA97XNVcoHOZoLLjSPQfalQ9g8q+g+1KhQ1nhPiKkXrxjJu3IPb9o2KVtVFuNTawQR1A+c0zxjWt+5vHvrgEebmuOy4kdPrWNtoej072c4hLthTLEqSpLHmaPxHtVoUSvMPAvFDburp1BWKgjow2/nXofinELZtPcP4Rgdz0FaseS47JSjTDlRKovaPxT3cW7ZhjBLb6c7R51J7PeLLeta7jKGkjB7Cdqz/jt4PeLW8ycTuYxXZJ/HTHxwuW0B2FBZgw3zq6EnO1Tqmn83pv8ApQiXCCQ2INFv4h7pkYnlBJOMD+tYuzcmQ+JcMGtsNUkmdMQy+VZuzwpDC4JiTI7R1NaXifF7F9idfMdsFZNTpwSsrNOlZjPpvPrVI60SkrMzxLOEE+7YagQdjn+VLhtXvNIxqzsIgfyozjuBue8AUMUjfSYBqxFi3aVHdlBM7/F9N4ot/gCRNwyaoUEiROO42qDhkDo/ISVJkbNjqO9O4HiLeuFdSZkASMeU1CeMZbjSBJdo+4mk2UdUcZDpjTGkalJEHvB+VBcP4yUebWjUvVst/p7evetJxKXLnDGRlwFJAAIUnSfnBNG+HPYtoQlvQEGRC7YzqBj6kU3Licoc/NFJw3tvcBUXLaMCcsoKmPSYJ/vzrc2L6uoZSCpEgjYg9ayXtDbW/YLpAKS2CpBEd1JH/Rq/8BWOGsidrVsfMKJB85mtWLJy7MmbHxeiwJFNIp2O9Ix3qxAjIpTTxFOVRRs6hoauh6l5aYWWls6i5sNyr6D7UqVgjSvoPtSqZQ8M47lv3ic/tbnyGtqr+IaSMRAqfxtyvEXv/duf72oMXIOTPr9qxV5KBSXNJXJEZHefKrfjfGrt20lpyWAYsxJy/UAnpFZ170kYwKKXiRHQR0o3JdHUWt7jQNHu10SAIESSBEkxneuq1waXuNBGRH6H1qqV89+omp/EOLZgCekUrbKRnSCvFHVxyNnBaTk/wjpQ/h1m7xLm3bBYJiSeVZMFiT6+uKBsPJYxkKTPyrXexCWP8IzXCWly7FCVIbSvK3YD6RmilWx4fJ2w/i/YiyOGZVdjeA1C4TuwBwFGAvl6VS+B+JG7ZRWB5Cwfzjz+YrXPxPDtoGhyUWBD9s7K3Mu2fT5Yf2cVHu8Vb1whdihHfU23y0/Smu0UnGqLThvEvd22zKw5PkBMRS8H9mjxVs371xg1wSirHKpyDJG8dOk1U+J8G9nh31sDJ0jvDEDI+ZrTezn7XhFF26BKqUAKzy40gEAOTG0GgrSAkm9mT8Z8OvcFcSZdSeR1Bkwdv4vLrRwf3j+8VRziR217EfetP7QW7dzgyFJOiGBO+pD+h3EVjvZ5jcLCMBmcLOIJIj0wPrTXaBKPF0bixfGjQVkhZB6GBNCp4oisyC1bUMAZkjBAzGghsziegEDeo+C47SBJHSMbRuKF4zjl4dwPd6kJJUzGmd0I7Dp5EdqRqx4NIs7nEh7aqVVQ0SAIn5bx5Vc+HWAlpAMyoae5bmJ+prKW+I960gZJwB3rUeFOwAtuwMAaekRiPP1NX9LB23RD1c1SVhDCmEUYbZ7Uwqe1a7MVAwFdAqVk8qWa6zqGafOuaakk1wzXWcXXDDkX+EfalSsDlX0H2rlSKHg3jLzxN0n/APNc/wB7Cgr6LPwmf51c+O+G6L924Dym5cJGZkuxoC4NRwMEZ9azcS1FcrScA0nUnE0f/hDoPeagbhmx6xXUCgjhsiD0ovgfDH4m4LdvLHM7Kqjcsewx9RQllbiHbUNsZ+teo+zHhotWA2nS9wBm7hfwp8gZ9WNdDHylQk5cUZ3hvYC6pzetkEZADHf1Aqy8K8A/wSOFYEu2qNhtEDvWx4dIH9+dM4qwHEEA+tXlgTWgY87i97MH4v4pc926rbRMQzIDIB3aen9SKxVi4EGi3JjJCiTnqTHl+lemeNeFKLF7SILW2QGT+IRv0E7mq/wSw3C2bY92SzLLcpkMclSVUwRtntUJx4d7ZqxyeVt+Dz/xTj7txAlydMiCVhhGwOBImKn8J8bHDkW7gcp8SlDzKSTKwcFSZ85Neg+P3BcR7ZSWCEgkHB0kyOWMeteTnSztqwVYgk5CiSNgYJk76gPvXY6lo6acHaZr/EvaxLy+7S2VVhsTEjocDbr8qp/DrxtsHHaO0iSTnpSs8VaAKIus7F2iBnoP6AQfxNT7Ns3HS2nxFgBG8nAjtnNV9uKaSE5ykm2bXwI2G5luIzkSQfiA9O/mMUP46ocwuAhkkiJkdD1Odu1E3PZW0sBLl1bqnFwsx5/NCYCnMEbgnM7vHENMOIdZDbRMRjVuIIPzFWw44SuPkz5sk41LwV/gHFsjNqtcpHIQZaRupOwB7wNjPSr+0YILRJyTG2NgcwIiokthFws+m8fXP/NMvuDcAO0avXYD5ZY79K2wgoqkY5zcnbLvh+O7zp70Uz1T2Xjlxt+vLj+zVhwh5SOx/T+5qWSC7KY5vokLmmlqfp8jS0+RqJUaHFLVXflXSp7Vxxc2Dyr6D7UqVgcq46D7UqmOeQ8XxX7W9Jke8uCP87UDcRIBAgUR4l4c9vibj7r7xz/qYmr9PB7Vy2hyMfr1rNKaWzQlZmGQhyjDKkgjfIxTQwB5xEdOtazj/CGAFy3GsqAZ6wN/U1TcXwV10JdQGBGTvB6zS+5bo5poXhXApf4lFA5CoZh00qBM+px/mr0LiuK0KT5f3/flVD7A8CRba4Y1tyAnEIhzB8z/ALRV34n4bdZk0KGUMGYgjpmIMdY2HTatmKCS+zLllb0E8AWCj3hXYQB08iep86lv8QtCcRZcDII+YrI+0Pi9yy5thGQ/huMcNHW2sRG2ZPpmnlJIWEHJX4L/ANoPEVs2iW3blTE8xyJ++e1VPhXipuWwFYFwo1gY5gIYjBjOR0rOcT4/duW3t3Ajh+pUcpxMRA6fUzVDw+sXEgmCwmCRM4JwRWbJFyWzXimsb10bf2l8Zexw751M2FDEEnYFjCiAK814bg1Iz9aN8X4h3DbwDGTLETBBbtH9ihbTwpqnp8ajdk/UZXJqgmxYXAUQGJHzVdR+kqKufYfgV/xYuZwHYT2kIP8AdPyqO3wtsmyVfSCrNB0jmeGnncH4CnfbfpTPCOKNi4jhsBgrHoUJAaYPbO52FaeCashzadHp/iPD6NNzJQsZE/CWPc7oT0OxiKqPGmMLcAJIIBgEnTM4G+/861fDqty3pYSGGR6/zrHv4unDcS9i78KgMrkSGVhgGNmwR5wPSsjjKM1KJqUoyg4yJjfOjVJEid4jfcEelC8C/vLhiCAo6ebELvsINHj9oga3bRFYkmAAQGmBg+kkg74mhl4e7bLm1cSGgnWsjV5FIgQdvtvXpRdq0ebJNNplqlrSBvnO/p0nyo/wi3lzPVRHpJ/mPpVLwfGXgRbu+7OqYZBADAbQZmY8j5dhT4+eHvvyl1IUEAxB3x9almlUR8UbkbSBXCtYji/aa8wISFGc9fSheB9ob6uGZi4AiCcR/WsfI2KJ6ABFcmqnw/xUXQG7g/LpmjHukR6gfWmWxHov7J5R6D7UqisNyr6D7UqFBswd4D3zcwBL3BBz+Inf5VBxynUALgEA/PrR3G8Gpuuw/OwPkJMx65+tQvwqKwxMgb+XX1rzmndGmtDW4m5zAxiI+lNuXJ1AgwcfrTWug3PKY+s4/QUkfUTvJ1AdsA/38q7izqH2+LuWwFtsg3w09ydwPWjk8duojMyFtInlZQABv57T0qttcMRcBMRJBHoTRiKMwJwSfQnrPzrRiyTtRJTxxptgh9qtb6nU20AInJjIg4E95/nVf4141w723QPqLDAVZWehJYaZEzICn16j+0NwJptgAfibv5f1+lZPjn0pHWYkedXlFcrBjyNR40FW7gOQMfIfpUosA5n5Gqzhk0jER/e9WNi70JprEoj8Rt/EO4n6if51TsCQFES5UDvJxH1ir3jsDUdon1gf8VUeHrruWx1kt6FRqE+UhapHyI+0HcTdH+IRR8KIFH8Okuv0UqP8tRxyac7UMlzVfZuhZyPSHgfSBRwstyqsOzKsBTOWmFOMN3FXj0Sn2eteyvFB+HtnVJFq2DvGoKsgt1NUftZwYPEBiJ12wv8Apc//ACrQez3hw4Wwlsbgc2Wy5yzQWIySTHn02qk9oeLR76KsEojTtuSMevLt5ipw/kUm/jZleK4hrelGe8qAAQpIURpAI0jcAD4p/oVw3GXDzI/vFgA6MNp/eUHB889asOJsq3LAJ6+UwIwd6q18JRX1hYIE9R1A6+pqu09ErT7Lm1x9vB1ZB1ZERG8g7GM/Ks1c4ovcYnqSQD0+f6Ve2+FW3w91/wATW3yYkAqcT5zWVtPzOMfCRj+vfFZvUN6RfAltoOPEwuepGOuTFSC6AN+u1Vt3zzEHz3/rTFuFnMTt/f8AOs5oL/w7xEWySBvG3Q5E/Q1oOM8aQgFLggZgH8UHB+tYa3cxk7npkiK4nEzJNMpNCyins9a8N8SutZttC5todu6g0qr/AAdv/p7P/tJ/tFdoWwUhl8AXH1H8bbfxGoWKmBmB9frU15wzvqgDWwPWOY/yj60LcXTE9Scg7zJweorN2y47/DKegGx85HlvUrWgJHn996g96BiYJOPTYH71G3EEZ7AEfqB+sfWhxOsIuKAwnp9ysH51NwoADknqN/Q/8UG74EZkx/z6YrMePeLXbDL7p4VtRIKqQxUKBuCcZ2jerYV8kTy/xYD4xeduIucv42WfIGBzdMAYqn4u2F0u2DqgwZG2Pn/QCijx5vTccAvMMVgHbBjHQHttUfHAsFIliv4MAx3ya0vsiuhLaY5BG0iIpy3DOllpcArD4gFEYHn0ojiXYRgEHby/4oHEfGvNvTmQDtvHQfeqfw8wwGfhbXjYBWOkfQE+g+djfnvmoeD8OukaguCSCwycj16g96aOznoG4S3zqZz1z+7BM+ZJrf8AsL4K2ocTcEKoi2DuWiC48gJA7yewNVvA+yFyUulwVYqzI6FWKzJB0tifLaa3HinjNu1YLW1JcCBbEBtsf5MfEO3fFNHKn8YiyxSXyl0De1Pj44e3pQg3HkIPQZdh2H6mB1rP+GWmW2MksSw1H4jJksc/ESxrLrduX+L1XSS/UERGQQoXooUmB/3W4tcPKQTAA3mOx7VbGvJLJJHTZ0YKt16GJBOcj+dNRILQIJUgfp2PlRVnh5LFSwYM08zQdyDg+fan27RYsnvApLHESSIjBPoaovyRYD7RWXSywWCCmnM4AAn9AaxFtYAXMnqO5nNeh39QV7baWlGgkdRMj17elYVLB1o2fimPKRmPrWP1Wmma/T7TByqhIk6iBv2+Lpt0pzCCI7j7A4PyNEDhNVzG37SOk6QBGPOamuFbekoJ5WHvDk6gpJVBsvrE+dZbNVFZY1MQIIlgJjqTSupE58tuo60Xa4hVuaiC08x1ZJIwTP0odElyG25vkJMH++1GwUeu+DW1PD2TpbNq31/dFKpPAVH+FsZP/ht9P3B50qNilPdaXuHfnuCD0hiDihWuQAG5lDT5rMjUv+k46/QhvE3QvEOPws7R82IIjvqBn+IUPxzkXCRMaGONuVXx9ZrM9FLJL1oqSDMKq8wyCMH7k11lKqxOCTABPeTt3kwPlTFvF1RIJBI2idGW+mpf/wC6Vu+twPcPw6gE7wp3+ZkCl5HIkdmFpH2hWJH+Yx61n/bC2Pc23iCGIONg4O/zVa0jONAJI2/FERqO/lH8qrPHE95w1wQMJrE7ynNhegxHn2quOdSTBONxZ5/wvFFHBJOk4Oe+x+R/nVoGiVJMGRAMHaMf1qjdZBojw+6w5iNcECCdwADBPatsrvRnjXkKv+G8RbVbh16H+E7A9sk7+XXpNTcJx4PI4g+f/NW132mu3FC6F0RDW2GpXHVTMfIgY86ouIv2yxXSyQTpDGWjpD4kikSklbVDyceouwvi7cZUiCOu1WPAn3aI5+AwSPigkYYADftNUVziCQAM+f8AfWtXxPDL7sCBERsKpGNpk5Spo0tjxf3igKA7nlWDymNyTvA2nqdqgHCuCxfSWMyQT9ANoFW/hHBoglVAJ3IFReKkA/3tT4caiLnyuf0YHxqLHEJeCli6yyyF2LJgwZxmjrPtQjqqlHEQCIWcAfvbYoP2gYNcUDJCD9WY/LeqlEAcSIOYB/7zT422r/JKaV0zYv4zpclLbliF+IqFMhTvkj6Vw+LXX3ZEnoigt8yfvig7nBtpS5kq6JBGBOhZQgDcCD6MD1pWrTDGkT0kFj8hVo00SkqbLZOEC+7ua7rMLb3HhmZ3lmCqASZyogfvQKdxXgaTK4jSWE9gAY7Tijyw944AwjW7Q22tg3Djtqtx6mpn+N1Jk7eRggYrzfUSto9DBGkzPcf4PlNJwztMdARMHPWB06UBd4I20924ABEkxITuRG+/61rVUE5GJwPQf902+itvtP2rMmXoyvFeEqqiW1sygWyAdUHmLET+XEeXShLXAybumSUAX1BBJjHf+dae7YV46EAKpB9DEURY8OVAxk6myYOPpTNgoL8Bdv8AC8P/AOzb/wBi0qvOB4VBaQdkUdOgFKqWJRiPGW1u4DDWruOWMgtMGRjp07nqIifixBfGbTnvzaDjOBBj61WeL309+7EspD3BlTvqYT8Q6g59Oma5rt6ASzqOYSyLoMgGFOvbf61llYSys8WxuModhyLb3MBtJLORtyxM+VTpxCFgSMJAtpHMzDlLsOnUAHvO5FVDW1AZ1aUbB2JUtnoczAj0jzMl24Tc1A6Q+ScFzkqwAOwkHocEbbUsRky6uXxhmgxtjlG+35jvn/oRvcLQun4huY5h1Ig7UIl8K3wk6VEliTuMAGIGIOSKfb4mWwGOxmCIJEHf6+ppkhjzhRiDvH69qfwDQWWd/n/e1FcVw2h21ECZJgdW5oQDcAECcCgkdFcQH2PUDYE7QfvXqJ9MxtdotUxhoAnB5Wn0AM/Sg+Jv6mACgjO+Om+DmprA19BnqSSf1Mfam8UgDKB5nFV7RLpiKwMzPoIz6H+dbG8ZRB3ZR9SKzCFSEDTBYT/DImO1abgTLpbJBKvn/LmfQxNCTVpHJas3PCnSvyqk8Tvai2ekDf50ffulV+VVaANMySdu3qfLpFJllxg2HHHlJIxXiqE3ZmCVHoYnHpEZqv4kEEERIyQYDYGcgCRvmtD7RcOFZAFjlMmInO/8vlVHfXUCCWGD1wcUcG8aBl1Nmp8KuhyLLERcS0V1H4bgtrpPlOVP8XlRfAELcUuNOgs7SD/9sFoI/wAsZrO82tZmClnrmfdrP8q0t4BrT3WOGRVI6l9QMeraJPkxp09ff9ga39D/AAq5qVXLZcsTtli2CSD/APrcf5qMbiQC/SNXruRIqts8osWwJ5A5Ex8TSBPTGoz505LwLOY5AxkweYEz8t4A+dYfUy+RrwLVFqjSP3v1E9/7+9NuGM4IA+hz96DsMWBJ6k9MTOBUyEFRMSQR2J7Csxc5bshVBYyxBPlmiXYiI3+9MGZiQQMD+X99qkRDjPTof78qa/IKNHwWv3afwL9hSp/Bs3u0yfhX7ClVLEo8i8WcG/fLKykPc3bBGsiNAXPQ4qrtvIILvoIYhgraARGMmT+Edd60nivCpcv3ArGPeXFgiTMux0kTgxEevagPD+FFu2qsg1M0xuAQFUbfFuCR2DGcVMNDuG4sC2BgqJSMAEHJkjY9PIwRRKX00uvKWDBhlcFiAfxDcaDBPUmhuJsmDpRYZVClDAOqG3BHMGJWTvqHYwRZ52T3mkqrFDiCEbyGDKmeneKSjkEK5EspJIJ7FQNpJDb/ANKkN5QNTEjSI7DJ2PnOn60A1hrZIUwGdgTBbKqQCMDrv5LOwqW7cbS2tviBUlTKxuGU4mO+YAzFFIYxnFcQzO9z8xJ1SYzsATvA6CagVZuIAN1E/MEljOwjNXh4MOj6Qv7RdEwFCtb0tgBQAJDA9QADFA3bWiCF1ElUk5HJC4UbAlSczML3xsU7pEHCrZNbvqh0qNWMk9fQHAHlv/J960zsCU0iBzkhVyTuWIUnHwiDRHDsLUBxba51AUQh/eIwzDGNhmZOBVcReZ7jlySxjcyQOgzV7bWiNb2WrLbTSWuNAySlvUpAnBLOpHTpVz4eI4lCYMydQwDIMHT0xj5VQcEA5Q6vx6WA3IKkgzsBKkfOrRXNtwYb4gD+LSIBneZkfITEzicpf5EPGPwZu+N+Ef3/ADqhucSQ7ftAFBjTB6YIJGV+X/NH2+I128O0dglw/dKo/E7CLd1yZZAVBXvP+bcN9+lN6lXBfYuDUmQeN8X7zQ2iImTPciCPLHXOfrR3CIPXB22GPP8A7q5eYJbQMfiZM+QxqPXfyqv4y1pEaACTHLznmX4ZGP1pvTzXChc8Xyss3tm4iuMlbdkx1JAKE+kL+oq54nh5spaByX1t5bLHyUsf8tVPh7KEVVNtl0Rk8x0XGn/KSE6dTV+1m57xARKhQWzvKyQfqBR2l/1HUm9lZeOriVORpItkDlAVFC/MSs/SrhOGDco2BJMxljMkny6fOKq+FXTdYuQZcqnqGZ9WNwAZHmy0/wB9cUKBsRuTAM7lYEn5msnqo21X4LYW9/Ye9oKFIMHH7o+Qny70M9zIAiZ79j/T7VK1xTjUNgTjb+X/AFQ7WNKkzIZoPTE/D3iJz3ifLMnRoCVvxqgyP6dJqQXIUAEZIny2gff60JasKeWTpJM94OJifKPrUzodIUfhaYPUSR/p9POmtHGx4L/xp/AvXyFKn8GT7tP4V6DsKVUsnsw/EqGu3IkDWTiI5XJiOxJz3qtuWdFtg3xKzNnJnEkETAIAMdeuZo6/dAu3iBzh2AAO/Mdp3MBtu3zqR76mYczqODvqaRGBEQSc9RUmUKsJpOnSJUn3bRjBJjG+Ccb8/nUfD8IyqyNsDgggwsEg46GAY2k48rW/bUKGwIk5ORmWKnpifrin2gksWJ/DPkDmcY3nbs3ShZ1APiwK22Cj4fd6c5KwAcHff5x16V7/ALS2bZgrqEgHYABTHYHMxjftNWnHrgCdPIonODBEldyQVb6fWDiLgNxtRBBaJjuC+20ZEEdm61yYWiuvcC1xW0IQrtzKBpSFkyw82LScZ9cBXDoabegY06yVJgAnGYgdz16YltQlpSsavgVwxJkwxOAN9+nlVT4npRuRdLMdgJgzkZEbZgnPSYw0XbOktFNa4K4qgP7qIyFKJp7CQQ8k9OvlvUN/hCC2i2s4GhlVnDGSWk40gKcnqvzNhxfB6kdFIEjUxf4QQw3YTAjUfn5VN4faBVgSNIALPrLG6nwEgEQBjG/XNaHPVkFHdFb4Axa+qsUndiVSY+GMCPxCrLjbhuK5YAgPMxpH5cLHkPqaH4Tw/wB2ITQzuzMDPMFggS5AMToaNxHXJqys8JcKaAGIY5YhtJ1AdYE/EfSllJckxlH40Wvgw1DSQCR1nVPnkSPnTfaB0CosDdhMdBGJHST+tEeH2TaJkGWJ2BEDpvkdOnXpGY/HbfJqhZVm3zus4G0yB6RWjI+WNkILjIq7vhyXgyJIZQdRPZSCZC7wAesmPlQv/p3uklGcMHHK4CiSpgkSSBsZweU4FWqhgrBn1Bgg3iCy6tECMkDp0jvnPODbsO9uCGu2+USSsC5I7kE4B6561L08tVZTLHzRY8DZLm2oQBRcdCCYZVlF2iZ1M5+VX3hvEsl+5JZkZkgEjSNTCGXsIVp6Y8qr+HVFAuNq1W5aMfhtuilmJ5TJVc5lQSOapeAulbZJkybmkfS2DP8AEzg/OjLLq/8AR0cfgOtW1ZtY5lVVVSRsdaCSIGSpk+vlVeWKllBGkIrDUTALKpMR6mrLw4lrEsCOZZneUVpgH0U1VNDAxubenOPgeADOeo/s1DJlcmv0PCKiTIxdSWMDCtAExB/T+vyozi8O3MTpud9zqgbDGCPnVf7PA+8QEaQHDc2IwGBg/MVLwfEanW50LFj9JE/MsPnUf3+ylkrhtekGCDAgROk52xnl7UShmBu05HYQCQx77Gf4aEsZcAwGcwZ/LGstHSNxUzSAxUQTjEEhBnSR+LGPmOtLJthRruC4lfdpg/Av4R2FKheBJNq2Y3Reo7ClVqJ0zM8SB7y4GZSpdyAyhWDamMKwPlH1oe9YOolSUjeYG/QnY9+sYp3EX7du64Ig+/cseViyF2lOY9tDdRJPLsaia/b5Y5X03Mj3bxPvDqBPMQNSCQD8OAscw4saydySpWASdhII8zJ3Cg77S6+Yrj2LgYkgbqPiDAECYJUmDp14PcnbY/wtrbXHukMVVhrlVT3aaTAYcwgAtP71xRRXi+k6DbAYkEOy6QkYZQVIVjzC23+RjgTqPFVYb3RQ+594RDAqpUiZyGAOx3PKOm+/WgPdMCgnnCEKYJzO0bM5gQT5DMmtLwFu2ijC4XMe7VSSFlgPwgtrPXM98DcM6KQBBZZUsfdSWBMfi2hZyfwxI6iggHDCHFu2ciMiQGyQSTPQap7FTvU7KlzUCgHOSMAwSZkeXX/UKrxctm9iQQ7DeQJMNAPQnPl6Gri3qYNOGEg9YIJgwRBH8p+ay0FbK1ri6iLltdgszJAjETHLg5xtUnCeGqs6eUlYg5J1E83MT58sb71OeHUEXFBIYHBGVnJAP4cwIOMeVTM+m5JmTpzB2nJ3yvfyifI34BQNwSMtwSscwBBgGE5ZwYUQO+ZoJeBLXFcklAzMSe5MBYH4eZsnsO5q4FkBiIEAnSZM4g98np8vpI/DALpAJXbqZOZP6xSuQUgfhbrSXKkydi0KAJIx+HY58xUfjl79mqqV5mG87RBiBvJA+Zop0ADRAyA8ncd8b9R9KCe9bJjUDAMRLaQYnCznlH1q6y/Gift7sB9y2ldIMqhAQRLFXgiTIJ0qinrFc9y1pHuAczPq0HBSRAG/ViCsxGoHej0P7F9Mlg+ORlUBszBG2PtXXRXUEFSQHRp+LoTI/ECNHnMVFTaY0opoqvBrXu1uISGtOVVSzCSW1F1OcNyDbrBqzv2tAa2CcJbBJyQxcNgeUdPOhuI4ZQoXTKl9UdZUaRt20sZxOxzU1y61whgeblggwDB3AzjB8xpppSt3+f7FiqVBHCNFsrBlmuP9bcT5cxah78xK4EHOMyVc+nTFHvGnlBgJKmPwuZIA7qGIquRQQ0A6iIzvGQB9qjKVys6qCOBabwOAotucALlFPQjeTQYYe7J7mAP3Rtnrk/pQvDOmm4CQrFWG8ZcqDBY8pjUPI1HwttnJAYkEqok8ogAE/MmfOnaTidew23zgxtPNmdK95/l11URdvAEW8y4mZIAwdOozsSR8txmqzhkYOVLcgOTA5mJHWNge21SXrwuOXVtQGVBUcozCmADgADPlQ47CmeheE2W9xa5QP2aY7copVF4bxD+5t8y/+NP9opVWmKQcZ7G2HvOxe/m5J5kjc4+DapF9k7QyLt8EQBzJAEjZdEfpXKVOzkEcP7MWkYBLt9YbGllH4gfy+ZriezaEjVf4lp6MyECdMxyY3NKlQHHn2UshsXLwkEGCm3T8HTp6mut7L2QAQ92e8pPT93+/kKVKuOIn9kbPvi/vL8gnGsR13GnPT6Cjl8BtkwWc+Z0zt30/L0pUqVhRHxXs3a2D3QAREFOo1H8Oc96Q9m7QBUNcgbZXHl8O1KlS0gMkHs/bLFi9yY7qOobovcfqafc8Bt/mub91/wDjSpVzSOIbfsxZkS10zgywIIIzyxH6VGnsxZkc93c9U/8Aj5CuUq6kcSXPZq0FaLl0TGxTpMfh8zUDeyVh0a2z3SGgnKAz3kJ6fQVylQpHEI9kbKoALl6NP5kO++6eZqY+zFkLIa4CxEkFZiJgcuBJJ9aVKjSOJbvsxagDXdwEAym2f3fIfSgx7IWBgXL0R+ZO8/k70qVLSFZBxPsTYIJ95fBgSQbcnIOeTOwH/Oac/sbYChRcvgQdimSep5Nx0pUqohRt72JsAYu8QOmDb2x+55n6mox7FWNX/l4jZT8VvMlt+SlSrqQTTcB7P21tW1D3YCKBldgAPy0qVKriH//Z', '2022-04-12 19:00:00', 'family');
INSERT INTO `image` (`id`, `url_link`, `upload_date`, `title`) VALUES (40, 'https://encrypted-tbn0.gstatic.com/images?q=tbn:ANd9GcSvkrCPEzUdMtmfYmfpRI_o7rm3LCcurSPFgw&usqp=CAU', '2022-04-12 19:00:00', 'family');

COMMIT;


-- -----------------------------------------------------
-- Data for table `image_has_gallery`
-- -----------------------------------------------------
START TRANSACTION;
USE `photographerforme`;
INSERT INTO `image_has_gallery` (`image_id`, `gallery_id`) VALUES (1, 1);
INSERT INTO `image_has_gallery` (`image_id`, `gallery_id`) VALUES (2, 1);
INSERT INTO `image_has_gallery` (`image_id`, `gallery_id`) VALUES (3, 1);
INSERT INTO `image_has_gallery` (`image_id`, `gallery_id`) VALUES (36, 3);
INSERT INTO `image_has_gallery` (`image_id`, `gallery_id`) VALUES (37, 3);
INSERT INTO `image_has_gallery` (`image_id`, `gallery_id`) VALUES (38, 3);
INSERT INTO `image_has_gallery` (`image_id`, `gallery_id`) VALUES (39, 3);
INSERT INTO `image_has_gallery` (`image_id`, `gallery_id`) VALUES (40, 3);
INSERT INTO `image_has_gallery` (`image_id`, `gallery_id`) VALUES (4, 2);
INSERT INTO `image_has_gallery` (`image_id`, `gallery_id`) VALUES (5, 2);
INSERT INTO `image_has_gallery` (`image_id`, `gallery_id`) VALUES (6, 2);
INSERT INTO `image_has_gallery` (`image_id`, `gallery_id`) VALUES (7, 2);
INSERT INTO `image_has_gallery` (`image_id`, `gallery_id`) VALUES (8, 2);
INSERT INTO `image_has_gallery` (`image_id`, `gallery_id`) VALUES (9, 2);
INSERT INTO `image_has_gallery` (`image_id`, `gallery_id`) VALUES (10, 2);
INSERT INTO `image_has_gallery` (`image_id`, `gallery_id`) VALUES (11, 2);
INSERT INTO `image_has_gallery` (`image_id`, `gallery_id`) VALUES (12, 2);
INSERT INTO `image_has_gallery` (`image_id`, `gallery_id`) VALUES (13, 2);
INSERT INTO `image_has_gallery` (`image_id`, `gallery_id`) VALUES (14, 2);
INSERT INTO `image_has_gallery` (`image_id`, `gallery_id`) VALUES (26, 4);
INSERT INTO `image_has_gallery` (`image_id`, `gallery_id`) VALUES (27 , 4);
INSERT INTO `image_has_gallery` (`image_id`, `gallery_id`) VALUES (28, 4);
INSERT INTO `image_has_gallery` (`image_id`, `gallery_id`) VALUES (29, 4);
INSERT INTO `image_has_gallery` (`image_id`, `gallery_id`) VALUES (30, 4);
INSERT INTO `image_has_gallery` (`image_id`, `gallery_id`) VALUES (31, 4);
INSERT INTO `image_has_gallery` (`image_id`, `gallery_id`) VALUES (32, 4);
INSERT INTO `image_has_gallery` (`image_id`, `gallery_id`) VALUES (33, 4);
INSERT INTO `image_has_gallery` (`image_id`, `gallery_id`) VALUES (34, 4);
INSERT INTO `image_has_gallery` (`image_id`, `gallery_id`) VALUES (35, 4);
INSERT INTO `image_has_gallery` (`image_id`, `gallery_id`) VALUES (15, 5);
INSERT INTO `image_has_gallery` (`image_id`, `gallery_id`) VALUES (16, 5);
INSERT INTO `image_has_gallery` (`image_id`, `gallery_id`) VALUES (17, 5);
INSERT INTO `image_has_gallery` (`image_id`, `gallery_id`) VALUES (18, 5);
INSERT INTO `image_has_gallery` (`image_id`, `gallery_id`) VALUES (19, 5);

COMMIT;


-- -----------------------------------------------------
-- Data for table `photo_shoot_type`
-- -----------------------------------------------------
START TRANSACTION;
USE `photographerforme`;
INSERT INTO `photo_shoot_type` (`id`, `name`) VALUES (1, 'Weddings');
INSERT INTO `photo_shoot_type` (`id`, `name`) VALUES (2, 'Family');
INSERT INTO `photo_shoot_type` (`id`, `name`) VALUES (3, 'Holiday');
INSERT INTO `photo_shoot_type` (`id`, `name`) VALUES (4, 'Fall');
INSERT INTO `photo_shoot_type` (`id`, `name`) VALUES (5, 'Home Coming');
INSERT INTO `photo_shoot_type` (`id`, `name`) VALUES (6, 'Professional');

COMMIT;


-- -----------------------------------------------------
-- Data for table `photo_shoot_style_has_photographer`
-- -----------------------------------------------------
START TRANSACTION;
USE `photographerforme`;
INSERT INTO `photo_shoot_style_has_photographer` (`photo_shoot_type_id`, `photographer_id`) VALUES (1, 1);
INSERT INTO `photo_shoot_style_has_photographer` (`photo_shoot_type_id`, `photographer_id`) VALUES (2, 1);
INSERT INTO `photo_shoot_style_has_photographer` (`photo_shoot_type_id`, `photographer_id`) VALUES (1, 2);
INSERT INTO `photo_shoot_style_has_photographer` (`photo_shoot_type_id`, `photographer_id`) VALUES (3, 2);
INSERT INTO `photo_shoot_style_has_photographer` (`photo_shoot_type_id`, `photographer_id`) VALUES (2, 3);
INSERT INTO `photo_shoot_style_has_photographer` (`photo_shoot_type_id`, `photographer_id`) VALUES (3, 3);
INSERT INTO `photo_shoot_style_has_photographer` (`photo_shoot_type_id`, `photographer_id`) VALUES (4, 3);
INSERT INTO `photo_shoot_style_has_photographer` (`photo_shoot_type_id`, `photographer_id`) VALUES (6, 4);
INSERT INTO `photo_shoot_style_has_photographer` (`photo_shoot_type_id`, `photographer_id`) VALUES (5, 5);

COMMIT;


-- -----------------------------------------------------
-- Data for table `contract_message`
-- -----------------------------------------------------
START TRANSACTION;
USE `photographerforme`;
INSERT INTO `contract_message` (`id`, `message`, `user_id`, `contract_id`, `message_date`, `in_reply_to`) VALUES (1, 'Testing message', 1, 1, '2021-12-11 16:04:00', NULL);
INSERT INTO `contract_message` (`id`, `message`, `user_id`, `contract_id`, `message_date`, `in_reply_to`) VALUES (2, 'second test message', 2, 1, '2021-12-11 16:08:00', 1);
INSERT INTO `contract_message` (`id`, `message`, `user_id`, `contract_id`, `message_date`, `in_reply_to`) VALUES (3, 'Looking to do family case', 6, 2, '2022-01-18 14:00:00', NULL);
INSERT INTO `contract_message` (`id`, `message`, `user_id`, `contract_id`, `message_date`, `in_reply_to`) VALUES (4, 'We accept', 5, 2, '2022-01-18 14:30:00', 3);
INSERT INTO `contract_message` (`id`, `message`, `user_id`, `contract_id`, `message_date`, `in_reply_to`) VALUES (5, 'Be happy to take your family photos', 6, 2, '2022-01-18 14:35:00', 3);
INSERT INTO `contract_message` (`id`, `message`, `user_id`, `contract_id`, `message_date`, `in_reply_to`) VALUES (6, 'Looking for any one that needs home coming!', 10, 3, '2021-12-16 10:30:00', NULL);
INSERT INTO `contract_message` (`id`, `message`, `user_id`, `contract_id`, `message_date`, `in_reply_to`) VALUES (7, 'Yes, my spouse is coming home soon and have been looking for a photographer', 9, 3, '2021-12-16 10:35:00', 6);
INSERT INTO `contract_message` (`id`, `message`, `user_id`, `contract_id`, `message_date`, `in_reply_to`) VALUES (8, 'I can definitely be there for your homecoming', 10, 3, '2021-12-16 10:40:00', 6);
INSERT INTO `contract_message` (`id`, `message`, `user_id`, `contract_id`, `message_date`, `in_reply_to`) VALUES (9, 'Available for weddings!', 4, 4, '2022-01-08 12:35:00', NULL);
INSERT INTO `contract_message` (`id`, `message`, `user_id`, `contract_id`, `message_date`, `in_reply_to`) VALUES (10, 'Getting married  this year and would love to have you be our photography', 13, 4, '2022-01-08 12:40:00', 9);
INSERT INTO `contract_message` (`id`, `message`, `user_id`, `contract_id`, `message_date`, `in_reply_to`) VALUES (11, 'Looking to do model shots', 8, 5, '2022-01-13 13:45:00', NULL);
INSERT INTO `contract_message` (`id`, `message`, `user_id`, `contract_id`, `message_date`, `in_reply_to`) VALUES (12, 'Would love to get my model shot down', 17, 5, '2022-01-13 13:55:00', 11);
INSERT INTO `contract_message` (`id`, `message`, `user_id`, `contract_id`, `message_date`, `in_reply_to`) VALUES (13, 'looking forward to the wedding!', 4, 4, '2022-01-08 13:45:00', 9);
INSERT INTO `contract_message` (`id`, `message`, `user_id`, `contract_id`, `message_date`, `in_reply_to`) VALUES (14, 'Definitley can get your model photos taken care of', 8, 5, '2022-01-13 14:20:00', 11);

COMMIT;

